LnID,DID,BLID,FLID,BNID,FNID,JCT,BLID2,BLID3,BLID4,FLID2,FLID3,FLID4,ClossID,Span,LCnt,Lno,LaneType,LimitVel,RefVel,RoadSecID,LaneChgFG
1,1,799,2,1,2,0,0,0,0,0,0,0,0,1.065,1,1,10,7,7,0,0
2,2,1,3,2,3,0,0,0,0,0,0,0,0,1.072,1,1,10,7,7,0,0
3,3,2,4,3,4,0,0,0,0,0,0,0,0,1.154,1,1,10,7,7,0,0
4,4,3,5,4,5,0,0,0,0,0,0,0,0,1.213,1,1,10,7,7,0,0
5,5,4,6,5,6,0,0,0,0,0,0,0,0,1.115,1,1,10,7,7,0,0
6,6,5,7,6,7,0,0,0,0,0,0,0,0,1.058,1,1,10,7,7,0,0
7,7,6,8,7,8,0,0,0,0,0,0,0,0,1.147,1,1,10,7,7,0,0
8,8,7,9,8,9,0,0,0,0,0,0,0,0,1.153,1,1,10,7,7,0,0
9,9,8,10,9,10,0,0,0,0,0,0,0,0,1.112,1,1,10,7,7,0,0
10,10,9,11,10,11,0,0,0,0,0,0,0,0,1.004,1,1,10,7,7,0,0
11,11,10,12,11,12,0,0,0,0,0,0,0,0,1.043,1,1,10,7,7,0,0
12,12,11,13,12,13,0,0,0,0,0,0,0,0,0.983,1,1,10,7,7,0,0
13,13,12,14,13,14,0,0,0,0,0,0,0,0,1.1,1,1,10,7,7,0,0
14,14,13,15,14,15,0,0,0,0,0,0,0,0,1.05,1,1,10,7,7,0,0
15,15,14,16,15,16,0,0,0,0,0,0,0,0,0.968,1,1,10,7,7,0,0
16,16,15,17,16,17,0,0,0,0,0,0,0,0,0.974,1,1,10,7,7,0,0
17,17,16,18,17,18,0,0,0,0,0,0,0,0,1.001,1,1,10,7,7,0,0
18,18,17,19,18,19,0,0,0,0,0,0,0,0,0.951,1,1,10,7,7,0,0
19,19,18,20,19,20,0,0,0,0,0,0,0,0,0.941,1,1,10,7,7,0,0
20,20,19,21,20,21,0,0,0,0,0,0,0,0,0.951,1,1,10,7,7,0,0
21,21,20,22,21,22,0,0,0,0,0,0,0,0,1.051,1,1,10,7,7,0,0
22,22,21,23,22,23,0,0,0,0,0,0,0,0,1.037,1,1,10,7,7,0,0
23,23,22,24,23,24,0,0,0,0,0,0,0,0,1.005,1,1,10,7,7,0,0
24,24,23,25,24,25,0,0,0,0,0,0,0,0,0.977,1,1,10,7,7,0,0
25,25,24,26,25,26,0,0,0,0,0,0,0,0,0.907,1,1,10,7,7,0,0
26,26,25,27,26,27,0,0,0,0,0,0,0,0,0.863,1,1,10,7,7,0,0
27,27,26,28,28,29,0,0,0,0,0,0,0,0,0.922,1,1,10,7,7,0,0
28,28,27,29,29,30,0,0,0,0,0,0,0,0,0.927,1,1,10,7,7,0,0
29,29,28,30,30,31,0,0,0,0,0,0,0,0,0.894,1,1,0,7,7,0,0
30,30,29,31,31,32,0,0,0,0,0,0,0,0,0.947,1,1,0,7,7,0,0
31,31,30,32,32,33,0,0,0,0,0,0,0,0,1.009,1,1,0,7,7,0,0
32,32,31,33,33,34,0,0,0,0,0,0,0,0,1.122,1,1,0,7,7,0,0
33,33,32,34,34,35,0,0,0,0,0,0,0,0,1.119,1,1,0,7,7,0,0
34,34,33,35,35,36,0,0,0,0,0,0,0,0,0.983,1,1,1,7,7,0,0
35,35,34,36,36,37,0,0,0,0,0,0,0,0,1.157,1,1,1,7,7,0,0
36,36,35,37,37,38,0,0,0,0,0,0,0,0,1.09,1,1,1,7,7,0,0
37,37,36,38,38,39,0,0,0,0,0,0,0,0,1.015,1,1,0,7,7,0,0
38,38,37,39,39,40,0,0,0,0,0,0,0,0,1.026,1,1,0,7,7,0,0
39,39,38,40,40,41,0,0,0,0,0,0,0,0,1.006,1,1,0,7,7,0,0
40,40,39,41,41,42,0,0,0,0,0,0,0,0,1.01,1,1,0,7,7,0,0
41,41,40,42,42,43,0,0,0,0,0,0,0,0,1.003,1,1,0,20,20,0,0
42,42,41,43,43,44,0,0,0,0,0,0,0,0,0.993,1,1,0,20,20,0,0
43,43,42,44,44,45,0,0,0,0,0,0,0,0,1.004,1,1,0,20,20,0,0
44,44,43,45,45,46,0,0,0,0,0,0,0,0,1.003,1,1,0,20,20,0,0
45,45,44,46,46,47,0,0,0,0,0,0,0,0,0.998,1,1,0,20,20,0,0
46,46,45,47,47,48,0,0,0,0,0,0,0,0,1.004,1,1,0,20,20,0,0
47,47,46,48,48,49,0,0,0,0,0,0,0,0,1.008,1,1,0,20,20,0,0
48,48,47,49,49,50,0,0,0,0,0,0,0,0,0.993,1,1,0,20,20,0,0
49,49,48,50,50,51,0,0,0,0,0,0,0,0,1.008,1,1,0,20,20,0,0
50,50,49,51,51,52,0,0,0,0,0,0,0,0,1.01,1,1,0,20,20,0,0
51,51,50,52,52,53,0,0,0,0,0,0,0,0,0.998,1,1,0,20,20,0,0
52,52,51,53,53,54,0,0,0,0,0,0,0,0,1.003,1,1,0,20,20,0,0
53,53,52,54,54,55,0,0,0,0,0,0,0,0,0,1,1,0,20,20,0,0
54,54,53,55,55,56,0,0,0,0,0,0,0,0,0,1,1,0,20,20,0,0
55,55,54,56,57,58,0,0,0,0,0,0,0,0,0,1,1,0,20,20,0,0
56,56,55,57,58,59,0,0,0,0,0,0,0,0,0,1,1,0,20,20,0,0
57,57,56,58,59,60,0,0,0,0,0,0,0,0,0,1,1,0,20,20,0,0
58,58,57,59,60,61,0,0,0,0,0,0,0,0,0,1,1,0,20,20,0,0
59,59,58,60,61,62,0,0,0,0,0,0,0,0,0,1,1,0,20,20,0,0
60,60,59,61,62,63,0,0,0,0,0,0,0,0,0,1,1,0,20,20,0,0
61,61,60,62,63,64,0,0,0,0,0,0,0,0,0,1,1,0,20,20,0,0
62,62,61,63,64,65,0,0,0,0,0,0,0,0,0,1,1,0,20,20,0,0
63,63,62,64,65,66,0,0,0,0,0,0,0,0,0,1,1,0,20,20,0,0
64,64,63,65,66,67,0,0,0,0,0,0,0,0,0,1,1,0,20,20,0,0
65,65,64,66,67,68,0,0,0,0,0,0,0,0,0,1,1,0,20,20,0,0
66,66,65,67,68,69,0,0,0,0,0,0,0,0,0,1,1,0,20,20,0,0
67,67,66,68,69,70,0,0,0,0,0,0,0,0,0,1,1,0,20,20,0,0
68,68,67,69,70,71,0,0,0,0,0,0,0,0,0,1,1,0,20,20,0,0
69,69,68,70,71,72,0,0,0,0,0,0,0,0,0,1,1,0,20,20,0,0
70,70,69,71,72,73,0,0,0,0,0,0,0,0,0,1,1,0,20,20,0,0
71,71,70,72,73,74,0,0,0,0,0,0,0,0,0,1,1,0,20,20,0,0
72,72,71,73,74,75,0,0,0,0,0,0,0,0,0,1,1,0,20,20,0,0
73,73,72,74,75,76,0,0,0,0,0,0,0,0,0,1,1,0,20,20,0,0
74,74,73,75,76,77,0,0,0,0,0,0,0,0,0,1,1,0,20,20,0,0
75,75,74,76,77,78,0,0,0,0,0,0,0,0,0,1,1,0,20,20,0,0
76,76,75,77,78,79,0,0,0,0,0,0,0,0,0,1,1,0,20,20,0,0
77,77,76,78,79,80,0,0,0,0,0,0,0,0,0,1,1,0,20,20,0,0
78,78,77,79,80,81,0,0,0,0,0,0,0,0,0,1,1,0,20,20,0,0
79,79,78,80,81,82,0,0,0,0,0,0,0,0,0,1,1,0,20,20,0,0
80,80,79,81,82,83,0,0,0,0,0,0,0,0,0,1,1,0,20,20,0,0
81,81,80,82,83,84,0,0,0,0,0,0,0,0,0,1,1,0,20,20,0,0
82,82,81,83,84,85,0,0,0,0,0,0,0,0,0,1,1,0,20,20,0,0
83,83,82,84,85,86,0,0,0,0,0,0,0,0,0,1,1,0,20,20,0,0
84,84,83,85,86,87,0,0,0,0,0,0,0,0,0,1,1,0,20,20,0,0
85,85,84,86,88,89,0,0,0,0,0,0,0,0,0,1,1,0,20,20,0,0
86,86,85,87,89,90,0,0,0,0,0,0,0,0,0,1,1,0,20,20,0,0
87,87,86,88,90,91,0,0,0,0,0,0,0,0,0,1,1,0,20,20,0,0
88,88,87,89,91,92,0,0,0,0,0,0,0,0,0,1,1,0,20,20,0,0
89,89,88,90,92,93,0,0,0,0,0,0,0,0,0,1,1,0,20,20,0,0
90,90,89,91,93,94,0,0,0,0,0,0,0,0,0,1,1,0,20,20,0,0
91,91,90,92,94,95,0,0,0,0,0,0,0,0,0,1,1,0,20,20,0,0
92,92,91,93,95,96,0,0,0,0,0,0,0,0,0,1,1,0,20,20,0,0
93,93,92,94,96,97,0,0,0,0,0,0,0,0,0,1,1,0,20,20,0,0
94,94,93,95,97,98,0,0,0,0,0,0,0,0,0,1,1,0,20,20,0,0
95,95,94,96,98,99,0,0,0,0,0,0,0,0,0,1,1,0,20,20,0,0
96,96,95,97,99,100,0,0,0,0,0,0,0,0,0,1,1,0,20,20,0,0
97,97,96,98,100,101,0,0,0,0,0,0,0,0,0,1,1,0,20,20,0,0
98,98,97,99,101,102,0,0,0,0,0,0,0,0,0,1,1,0,20,20,0,0
99,99,98,100,102,103,0,0,0,0,0,0,0,0,0.594,1,1,0,20,20,0,0
100,100,99,101,103,104,0,0,0,0,0,0,0,0,1.002,1,1,0,20,20,0,0
101,101,100,102,104,105,0,0,0,0,0,0,0,0,1.003,1,1,0,20,20,0,0
102,102,101,103,105,106,0,0,0,0,0,0,0,0,0.45,1,1,0,20,20,0,0
103,103,102,104,106,107,0,0,0,0,0,0,0,0,0.69,1,1,0,20,20,0,0
104,104,103,105,107,108,0,0,0,0,0,0,0,0,1,1,1,0,20,20,0,0
105,105,104,106,108,109,0,0,0,0,0,0,0,0,1,1,1,2,20,20,0,0
106,106,105,107,109,110,0,0,0,0,0,0,0,0,0.9,1,1,2,20,20,0,0
107,107,106,108,110,111,0,0,0,0,0,0,0,0,0.791,1,1,2,20,20,0,0
108,108,107,109,111,112,0,0,0,0,0,0,0,0,0.99,1,1,2,20,20,0,0
109,109,108,110,113,114,0,0,0,0,0,0,0,0,0.951,1,1,2,20,20,0,0
110,110,109,111,114,115,0,0,0,0,0,0,0,0,0.909,1,1,2,20,20,0,0
111,111,110,112,115,116,0,0,0,0,0,0,0,0,0.918,1,1,2,20,20,0,0
112,112,111,113,116,117,0,0,0,0,0,0,0,0,0.939,1,1,2,20,20,0,0
113,113,112,114,117,118,0,0,0,0,0,0,0,0,0.77,1,1,2,20,20,0,0
114,114,113,115,118,119,0,0,0,0,0,0,0,0,0.86,1,1,2,20,20,0,0
115,115,114,116,119,120,0,0,0,0,0,0,0,0,0.764,1,1,2,20,20,0,0
116,116,115,117,120,121,0,0,0,0,0,0,0,0,0.87,1,1,2,20,20,0,0
117,117,116,118,121,122,0,0,0,0,0,0,0,0,1.072,1,1,2,20,20,0,0
118,118,117,119,122,123,0,0,0,0,0,0,0,0,0.972,1,1,2,20,20,0,0
119,119,118,120,123,124,0,0,0,0,0,0,0,0,0.985,1,1,2,20,20,0,0
120,120,119,121,124,125,0,0,0,0,0,0,0,0,1.046,1,1,2,20,20,0,0
121,121,120,122,125,126,0,0,0,0,0,0,0,0,1.011,1,1,2,20,20,0,0
122,122,121,123,126,127,0,0,0,0,0,0,0,0,0.949,1,1,2,20,20,0,0
123,123,122,124,127,128,0,0,0,0,0,0,0,0,0.935,1,1,0,20,20,0,0
124,124,123,125,128,129,0,0,0,0,0,0,0,0,0.936,1,1,0,20,20,0,0
125,125,124,126,129,130,0,0,0,0,0,0,0,0,0.967,1,1,0,20,20,0,0
126,126,125,127,130,131,0,0,0,0,0,0,0,0,0.81,1,1,0,20,20,0,0
127,127,126,128,131,132,0,0,0,0,0,0,0,0,1.003,1,1,0,20,20,0,0
128,128,127,129,132,133,0,0,0,0,0,0,0,0,0.901,1,1,0,20,20,0,0
129,129,128,130,133,134,0,0,0,0,0,0,0,0,0.894,1,1,0,20,20,0,0
130,130,129,131,134,135,0,0,0,0,0,0,0,0,0.795,1,1,0,20,20,0,0
131,131,130,132,135,136,0,0,0,0,0,0,0,0,0.732,1,1,0,20,20,0,0
132,132,131,133,137,138,0,0,0,0,0,0,0,0,0.832,1,1,0,20,20,0,0
133,133,132,134,138,139,0,0,0,0,0,0,0,0,0.83,1,1,0,20,20,0,0
134,134,133,135,139,140,0,0,0,0,0,0,0,0,0.741,1,1,0,20,20,0,0
135,135,134,136,140,141,0,0,0,0,0,0,0,0,0.791,1,1,0,20,20,0,0
136,136,135,137,141,142,0,0,0,0,0,0,0,0,0.85,1,1,0,20,20,0,0
137,137,136,138,142,143,0,0,0,0,0,0,0,0,0.89,1,1,0,20,20,0,0
138,138,137,139,143,144,0,0,0,0,0,0,0,0,0.95,1,1,0,20,20,0,0
139,139,138,140,144,145,0,0,0,0,0,0,0,0,0.95,1,1,0,20,20,0,0
140,140,139,141,145,146,0,0,0,0,0,0,0,0,1.05,1,1,0,20,20,0,0
141,141,140,142,146,147,0,0,0,0,0,0,0,0,1.2,1,1,0,20,20,0,0
142,142,141,143,147,148,0,0,0,0,0,0,0,0,1.1,1,1,0,20,20,0,0
143,143,142,144,148,149,0,0,0,0,0,0,0,0,1.05,1,1,0,20,20,0,0
144,144,143,145,149,150,0,0,0,0,0,0,0,0,1.002,1,1,0,20,20,0,0
145,145,144,623,150,151,0,0,0,0,0,0,0,0,1.03,1,1,0,20,20,0,0
146,146,664,147,152,153,0,0,0,0,0,0,0,0,1,1,1,0,20,20,0,0
147,147,146,148,153,154,0,0,0,0,0,0,0,0,0.992,1,1,0,20,20,0,0
148,148,147,149,154,155,0,0,0,0,0,0,0,0,1.002,1,1,0,20,20,0,0
149,149,148,150,155,156,0,0,0,0,0,0,0,0,1.003,1,1,0,20,20,0,0
150,150,149,151,156,157,0,0,0,0,0,0,0,0,1.002,1,1,0,20,20,0,0
151,151,150,152,157,158,0,0,0,0,0,0,0,0,0.993,1,1,0,20,20,0,0
152,152,151,153,158,159,0,0,0,0,0,0,0,0,1.002,1,1,0,20,20,0,0
153,153,152,154,159,160,0,0,0,0,0,0,0,0,1.003,1,1,0,20,20,0,0
154,154,153,155,160,161,0,0,0,0,0,0,0,0,1.002,1,1,10,20,20,0,0
155,155,154,156,161,162,0,0,0,0,0,0,0,0,0.992,1,1,10,20,20,0,0
156,156,155,157,162,163,0,0,0,0,0,0,0,0,1.003,1,1,10,20,20,0,0
157,157,156,158,163,164,0,0,0,0,0,0,0,0,1.002,1,1,10,20,20,0,0
158,158,157,159,164,165,0,0,0,0,0,0,0,0,0.993,1,1,10,20,20,0,0
159,159,158,160,165,166,0,0,0,0,0,0,0,0,1.002,1,1,10,20,20,0,0
160,160,159,161,166,167,0,0,0,0,0,0,0,0,1.002,1,1,10,20,20,0,0
161,161,160,162,167,168,0,0,0,0,0,0,0,0,1.003,1,1,10,20,20,0,0
162,162,161,163,168,169,0,0,0,0,0,0,0,0,0.992,1,1,10,20,20,0,0
163,163,162,164,169,170,0,0,0,0,0,0,0,0,1.003,1,1,10,20,20,0,0
164,164,163,165,170,171,0,0,0,0,0,0,0,0,1.002,1,1,10,20,20,0,0
165,165,164,166,171,172,0,0,0,0,0,0,0,0,0.99,1,1,10,20,20,0,0
166,166,165,167,172,173,0,0,0,0,0,0,0,0,1,1,1,10,20,20,0,0
167,167,166,168,173,174,0,0,0,0,0,0,0,0,1,1,1,10,7,7,0,0
168,168,167,169,174,175,0,0,0,0,0,0,0,0,0.90,1,1,10,7,7,0,0
169,169,168,170,175,176,0,0,0,0,0,0,0,0,0.94,1,1,10,7,7,0,0
170,170,169,171,176,177,0,0,0,0,0,0,0,0,0.953,1,1,10,7,7,0,0
171,171,170,172,177,178,0,0,0,0,0,0,0,0,0.9,1,1,10,7,7,0,0
172,172,171,173,178,179,0,0,0,0,0,0,0,0,0.953,1,1,10,7,7,0,0
173,173,172,174,179,180,0,0,0,0,0,0,0,0,0.948,1,1,10,7,7,0,0
174,174,173,175,180,181,0,0,0,0,0,0,0,0,0.959,1,1,10,7,7,0,0
175,175,174,176,181,182,0,0,0,0,0,0,0,0,0.965,1,1,10,7,7,0,0
176,176,175,177,182,183,0,0,0,0,0,0,0,0,1.006,1,1,10,7,7,0,0
177,177,176,178,183,184,0,0,0,0,0,0,0,0,1.064,1,1,10,7,7,0,0
178,178,177,179,184,185,0,0,0,0,0,0,0,0,1.065,1,1,10,7,7,0,0
179,179,178,180,185,186,0,0,0,0,0,0,0,0,1.058,1,1,10,7,7,0,0
180,180,179,181,186,187,0,0,0,0,0,0,0,0,1.042,1,1,10,7,7,0,0
181,181,180,182,187,188,0,0,0,0,0,0,0,0,1.103,1,1,10,7,7,0,0
182,182,181,183,188,189,0,0,0,0,0,0,0,0,1.1,1,1,10,7,7,0,0
183,183,182,184,189,190,0,0,0,0,0,0,0,0,1,1,1,10,7,7,0,0
184,184,183,185,190,191,0,0,0,0,0,0,0,0,0.99,1,1,10,7,7,0,0
185,185,184,186,191,192,0,0,0,0,0,0,0,0,1.001,1,1,10,7,7,0,0
186,186,185,187,192,193,0,0,0,0,0,0,0,0,0.97,1,1,10,7,7,0,0
187,187,186,188,193,194,0,0,0,0,0,0,0,0,1.062,1,1,10,7,7,0,0
188,188,187,189,194,195,0,0,0,0,0,0,0,0,0.964,1,1,10,7,7,0,0
189,189,188,190,195,196,0,0,0,0,0,0,0,0,1.013,1,1,10,7,7,0,0
190,190,189,191,196,197,0,0,0,0,0,0,0,0,1.04,1,1,10,7,7,0,0
191,191,190,192,198,199,0,0,0,0,0,0,0,0,1.018,1,1,10,7,7,0,0
192,192,191,193,199,200,0,0,0,0,0,0,0,0,1.002,1,1,10,7,7,0,0
193,193,192,194,200,201,0,0,0,0,0,0,0,0,1.002,1,1,10,7,7,0,0
194,194,193,195,201,202,0,0,0,0,0,0,0,0,0.993,1,1,10,7,7,0,0
195,195,194,196,202,203,0,0,0,0,0,0,0,0,1,1,1,10,7,7,0,0
196,196,195,197,203,204,0,0,0,0,0,0,0,0,0.953,1,1,10,7,7,0,0
197,197,196,198,204,205,0,0,0,0,0,0,0,0,0.958,1,1,10,7,7,0,0
198,198,197,199,205,206,0,0,0,0,0,0,0,0,0.87,1,1,10,7,7,0,0
199,199,198,200,206,207,0,0,0,0,0,0,0,0,0.974,1,1,10,7,7,0,0
200,200,199,201,207,208,0,0,0,0,0,0,0,0,1.002,1,1,10,7,7,0,0
201,201,200,202,208,209,0,0,0,0,0,0,0,0,0.943,1,1,10,20,20,0,0
202,202,201,203,209,210,0,0,0,0,0,0,0,0,1.052,1,1,10,20,20,0,0
203,203,202,204,210,211,0,0,0,0,0,0,0,0,0.953,1,1,0,20,20,0,0
204,204,203,205,211,212,0,0,0,0,0,0,0,0,1.102,1,1,0,20,20,0,0
205,205,204,206,212,213,0,0,0,0,0,0,0,0,1.042,1,1,0,20,20,0,0
206,206,205,207,213,214,0,0,0,0,0,0,0,0,1.052,1,1,0,20,20,0,0
207,207,206,208,214,215,0,0,0,0,0,0,0,0,1.173,1,1,0,20,20,0,0
208,208,207,209,215,216,0,0,0,0,0,0,0,0,1.009,1,1,0,20,20,0,0
209,209,208,210,216,217,0,0,0,0,0,0,0,0,0.761,1,1,0,20,20,0,0
210,210,209,211,217,218,0,0,0,0,0,0,0,0,1.127,1,1,0,20,20,0,0
211,211,210,212,218,219,0,0,0,0,0,0,0,0,0.984,1,1,0,20,20,0,0
212,212,211,213,219,220,0,0,0,0,0,0,0,0,0.903,1,1,0,20,20,0,0
213,213,212,214,220,221,0,0,0,0,0,0,0,0,0.879,1,1,0,20,20,0,0
214,214,213,215,221,222,0,0,0,0,0,0,0,0,0.892,1,1,0,20,20,0,0
215,215,214,216,222,223,0,0,0,0,0,0,0,0,0.988,1,1,0,20,20,0,0
216,216,215,217,223,224,0,0,0,0,0,0,0,0,0.99,1,1,0,20,20,0,0
217,217,216,218,224,225,0,0,0,0,0,0,0,0,0.917,1,1,0,20,20,0,0
218,218,217,219,225,226,0,0,0,0,0,0,0,0,1.008,1,1,0,20,20,0,0
219,219,218,220,227,228,0,0,0,0,0,0,0,0,1.016,1,1,0,20,20,0,0
220,220,219,221,228,229,0,0,0,0,0,0,0,0,0.998,1,1,0,20,20,0,0
221,221,220,222,229,230,0,0,0,0,0,0,0,0,1.164,1,1,0,20,20,0,0
222,222,221,223,230,231,0,0,0,0,0,0,0,0,0.858,1,1,0,20,20,0,0
223,223,222,224,231,232,0,0,0,0,0,0,0,0,0.993,1,1,0,20,20,0,0
224,224,223,225,232,233,0,0,0,0,0,0,0,0,1.008,1,1,0,20,20,0,0
225,225,224,226,233,234,0,0,0,0,0,0,0,0,1.008,1,1,0,20,20,0,0
226,226,225,227,234,235,0,0,0,0,0,0,0,0,0.998,1,1,0,20,20,0,0
227,227,226,228,235,236,0,0,0,0,0,0,0,0,1.003,1,1,0,20,20,0,0
228,228,227,229,236,237,0,0,0,0,0,0,0,0,1.003,1,1,0,20,20,0,0
229,229,228,230,237,238,0,0,0,0,0,0,0,0,1.002,1,1,0,20,20,0,0
230,230,229,231,238,239,0,0,0,0,0,0,0,0,0.993,1,1,0,20,20,0,0
231,231,230,232,239,240,0,0,0,0,0,0,0,0,1.003,1,1,0,20,20,0,0
232,232,231,233,240,241,0,0,0,0,0,0,0,0,1.003,1,1,0,20,20,0,0
233,233,232,234,241,242,0,0,0,0,0,0,0,0,0.993,1,1,0,20,20,0,0
234,234,233,235,242,243,0,0,0,0,0,0,0,0,1.003,1,1,0,20,20,0,0
235,235,234,236,243,244,0,0,0,0,0,0,0,0,0.512,1,1,0,20,20,0,0
236,236,235,237,245,246,0,0,0,0,0,0,0,0,1.002,1,1,0,20,20,0,0
237,237,236,238,246,247,0,0,0,0,0,0,0,0,1.002,1,1,0,20,20,0,0
238,238,237,239,247,248,0,0,0,0,0,0,0,0,0.992,1,1,0,20,20,0,0
239,239,238,240,248,249,0,0,0,0,0,0,0,0,1.002,1,1,0,20,20,0,0
240,240,239,241,249,250,0,0,0,0,0,0,0,0,1.002,1,1,0,20,20,0,0
241,241,240,242,250,251,0,0,0,0,0,0,0,0,1.002,1,1,0,20,20,0,0
242,242,241,243,251,252,0,0,0,0,0,0,0,0,0.992,1,1,0,20,20,0,0
243,243,242,244,252,253,0,0,0,0,0,0,0,0,1.002,1,1,0,20,20,0,0
244,244,243,245,253,254,0,0,0,0,0,0,0,0,1,1,1,0,20,20,0,0
245,245,244,246,254,255,0,0,0,0,0,0,0,0,1,1,1,0,20,20,0,0
246,246,245,247,255,256,0,0,0,0,0,0,0,0,0.992,1,1,0,20,20,0,0
247,247,246,248,256,257,0,0,0,0,0,0,0,0,1.002,1,1,0,20,20,0,0
248,248,247,249,257,258,0,0,0,0,0,0,0,0,1.002,1,1,0,20,20,0,0
249,249,248,250,258,259,0,0,0,0,0,0,0,0,1.002,1,1,0,20,20,0,0
250,250,249,251,259,260,0,0,0,0,0,0,0,0,1.002,1,1,0,20,20,0,0
251,251,250,252,260,261,0,0,0,0,0,0,0,0,0.992,1,1,0,20,20,0,0
252,252,251,253,261,262,0,0,0,0,0,0,0,0,1.002,1,1,0,20,20,0,0
253,253,252,254,262,263,0,0,0,0,0,0,0,0,1.002,1,1,0,20,20,0,0
254,254,253,255,263,264,0,0,0,0,0,0,0,0,1.002,1,1,0,20,20,0,0
255,255,254,256,264,265,0,0,0,0,0,0,0,0,0.992,1,1,0,20,20,0,0
256,256,255,257,265,266,0,0,0,0,0,0,0,0,1.002,1,1,0,20,20,0,0
257,257,256,258,266,267,0,0,0,0,0,0,0,0,1.002,1,1,0,20,20,0,0
258,258,257,259,267,268,0,0,0,0,0,0,0,0,1.002,1,1,0,20,20,0,0
259,259,258,260,268,269,0,0,0,0,0,0,0,0,1.002,1,1,0,20,20,0,0
260,260,259,261,269,270,0,0,0,0,0,0,0,0,0.992,1,1,0,20,20,0,0
261,261,260,262,270,271,0,0,0,0,0,0,0,0,1.002,1,1,0,20,20,0,0
262,262,261,263,271,272,0,0,0,0,0,0,0,0,1,1,1,0,20,20,0,0
263,263,262,264,272,273,0,0,0,0,0,0,0,0,1.002,1,1,0,20,20,0,0
264,264,263,265,273,274,0,0,0,0,0,0,0,0,0.992,1,1,0,20,20,0,0
265,265,264,266,274,275,0,0,0,0,0,0,0,0,1.002,1,1,0,20,20,0,0
266,266,265,267,275,276,0,0,0,0,0,0,0,0,1.002,1,1,0,20,20,0,0
267,267,266,268,276,277,0,0,0,0,0,0,0,0,1.002,1,1,0,20,20,0,0
268,268,267,269,277,278,0,0,0,0,0,0,0,0,1.002,1,1,0,20,20,0,0
269,269,268,270,278,279,0,0,0,0,0,0,0,0,0.992,1,1,0,20,20,0,0
270,270,269,271,279,280,0,0,0,0,0,0,0,0,1.002,1,1,0,20,20,0,0
271,271,270,272,280,281,0,0,0,0,0,0,0,0,1.002,1,1,0,20,20,0,0
272,272,271,273,281,282,0,0,0,0,0,0,0,0,1.002,1,1,0,20,20,0,0
273,273,272,274,282,283,0,0,0,0,0,0,0,0,0.992,1,1,0,20,20,0,0
274,274,273,275,283,284,0,0,0,0,0,0,0,0,1.002,1,1,0,20,20,0,0
275,275,274,276,284,285,0,0,0,0,0,0,0,0,1.002,1,1,0,20,20,0,0
276,276,275,277,285,286,0,0,0,0,0,0,0,0,1.002,1,1,0,20,20,0,0
277,277,276,278,286,287,0,0,0,0,0,0,0,0,1.002,1,1,0,20,20,0,0
278,278,277,279,287,288,0,0,0,0,0,0,0,0,0.992,1,1,0,20,20,0,0
279,279,278,280,288,289,0,0,0,0,0,0,0,0,1.002,1,1,0,20,20,0,0
280,280,279,281,289,290,0,0,0,0,0,0,0,0,1.002,1,1,0,20,20,0,0
281,281,280,282,290,291,0,0,0,0,0,0,0,0,1.002,1,1,0,20,20,0,0
282,282,281,283,291,292,0,0,0,0,0,0,0,0,0.992,1,1,0,20,20,0,0
283,283,282,284,292,293,0,0,0,0,0,0,0,0,1.002,1,1,0,20,20,0,0
284,284,283,285,293,294,0,0,0,0,0,0,0,0,1.002,1,1,0,20,20,0,0
285,285,284,286,294,295,0,0,0,0,0,0,0,0,1.002,1,1,0,20,20,0,0
286,286,285,287,295,296,0,0,0,0,0,0,0,0,1.002,1,1,0,20,20,0,0
287,287,286,288,296,297,0,0,0,0,0,0,0,0,0.992,1,1,0,20,20,0,0
288,288,287,289,297,298,0,0,0,0,0,0,0,0,1.002,1,1,0,20,20,0,0
289,289,288,290,298,299,0,0,0,0,0,0,0,0,1.002,1,1,0,20,20,0,0
290,290,289,291,299,300,0,0,0,0,0,0,0,0,1.002,1,1,0,20,20,0,0
291,291,290,292,300,301,0,0,0,0,0,0,0,0,0.992,1,1,0,20,20,0,0
292,292,291,293,301,302,0,0,0,0,0,0,0,0,1.002,1,1,0,20,20,0,0
293,293,292,294,302,303,0,0,0,0,0,0,0,0,1.002,1,1,0,20,20,0,0
294,294,293,295,303,304,0,0,0,0,0,0,0,0,1.002,1,1,0,20,20,0,0
295,295,294,296,304,305,0,0,0,0,0,0,0,0,0.992,1,1,0,20,20,0,0
296,296,295,297,305,306,0,0,0,0,0,0,0,0,1.002,1,1,0,20,20,0,0
297,297,296,298,306,307,0,0,0,0,0,0,0,0,1.002,1,1,0,20,20,0,0
298,298,297,299,307,308,0,0,0,0,0,0,0,0,1.002,1,1,0,20,20,0,0
299,299,298,300,308,309,0,0,0,0,0,0,0,0,1.002,1,1,0,20,20,0,0
300,300,299,301,309,310,0,0,0,0,0,0,0,0,0.992,1,1,0,20,20,0,0
301,301,300,302,310,311,0,0,0,0,0,0,0,0,1.002,1,1,0,20,20,0,0
302,302,301,303,311,312,0,0,0,0,0,0,0,0,1.002,1,1,0,20,20,0,0
303,303,302,304,312,313,0,0,0,0,0,0,0,0,1.002,1,1,0,20,20,0,0
304,304,303,305,313,314,0,0,0,0,0,0,0,0,0.992,1,1,0,20,20,0,0
305,305,304,306,314,315,0,0,0,0,0,0,0,0,1.002,1,1,0,20,20,0,0
306,306,305,307,315,316,0,0,0,0,0,0,0,0,1.002,1,1,0,20,20,0,0
307,307,306,308,316,317,0,0,0,0,0,0,0,0,1.002,1,1,0,20,20,0,0
308,308,307,309,317,318,0,0,0,0,0,0,0,0,1.002,1,1,0,20,20,0,0
309,309,308,310,318,319,0,0,0,0,0,0,0,0,0.992,1,1,0,20,20,0,0
310,310,309,311,319,320,0,0,0,0,0,0,0,0,1.002,1,1,0,20,20,0,0
311,311,310,312,320,321,0,0,0,0,0,0,0,0,1.002,1,1,0,20,20,0,0
312,312,311,313,321,322,0,0,0,0,0,0,0,0,1.002,1,1,0,20,20,0,0
313,313,312,314,322,323,0,0,0,0,0,0,0,0,0.992,1,1,0,20,20,0,0
314,314,313,315,323,324,0,0,0,0,0,0,0,0,1.002,1,1,0,20,20,0,0
315,315,314,316,324,325,0,0,0,0,0,0,0,0,1.002,1,1,0,20,20,0,0
316,316,315,317,325,326,0,0,0,0,0,0,0,0,1.002,1,1,0,20,20,0,0
317,317,316,318,326,327,0,0,0,0,0,0,0,0,1.002,1,1,0,20,20,0,0
318,318,317,319,327,328,0,0,0,0,0,0,0,0,0.992,1,1,0,20,20,0,0
319,319,318,320,328,329,0,0,0,0,0,0,0,0,1.002,1,1,0,20,20,0,0
320,320,319,321,329,330,0,0,0,0,0,0,0,0,0.902,1,1,0,20,20,0,0
321,321,320,817,330,331,0,0,0,0,0,0,0,0,0.51,1,1,0,20,20,0,0
322,322,865,323,332,333,0,0,0,0,0,0,0,0,1.004,1,1,0,20,20,0,0
323,323,322,324,333,334,0,0,0,0,0,0,0,0,1.005,1,1,0,20,20,0,0
324,324,323,325,334,335,0,0,0,0,0,0,0,0,0.996,1,1,0,20,20,0,0
325,325,324,326,335,336,0,0,0,0,0,0,0,0,1.002,1,1,0,20,20,0,0
326,326,325,327,336,337,0,0,0,0,0,0,0,0,1.002,1,1,0,20,20,0,0
327,327,326,328,337,338,0,0,0,0,0,0,0,0,1.003,1,1,0,20,20,0,0
328,328,327,329,338,339,0,0,0,0,0,0,0,0,0.993,1,1,0,20,20,0,0
329,329,328,330,339,340,0,0,0,0,0,0,0,0,1.004,1,1,0,20,20,0,0
330,330,329,331,340,341,0,0,0,0,0,0,0,0,1.004,1,1,0,20,20,0,0
331,331,330,332,341,342,0,0,0,0,0,0,0,0,0.991,1,1,0,20,20,0,0
332,332,331,333,342,343,0,0,0,0,0,0,0,0,1.001,1,1,0,20,20,0,0
333,333,332,334,343,344,0,0,0,0,0,0,0,0,0.991,1,1,0,20,20,0,0
334,334,333,335,344,345,0,0,0,0,0,0,0,0,1.001,1,1,0,20,20,0,0
335,335,334,336,345,346,0,0,0,0,0,0,0,0,0.991,1,1,0,20,20,0,0
336,336,335,337,346,347,0,0,0,0,0,0,0,0,1.001,1,1,0,20,20,0,0
337,337,336,338,347,348,0,0,0,0,0,0,0,0,0.992,1,1,0,20,20,0,0
338,338,337,339,348,349,0,0,0,0,0,0,0,0,1.001,1,1,0,20,20,0,0
339,339,338,340,349,350,0,0,0,0,0,0,0,0,1.091,1,1,0,20,20,0,0
340,340,339,341,350,351,0,0,0,0,0,0,0,0,0.901,1,1,0,20,20,0,0
341,341,340,342,351,352,0,0,0,0,0,0,0,0,0.891,1,1,0,20,20,0,0
342,342,341,343,352,353,0,0,0,0,0,0,0,0,0.85,1,1,0,20,20,0,0
343,343,342,344,353,354,0,0,0,0,0,0,0,0,0.8,1,1,0,20,20,0,0
344,344,343,345,354,355,0,0,0,0,0,0,0,0,0.75,1,1,0,20,20,0,0
345,345,344,346,355,356,0,0,0,0,0,0,0,0,0.792,1,1,0,20,20,0,0
346,346,345,347,356,357,0,0,0,0,0,0,0,0,0.8,1,1,0,20,20,0,0
347,347,346,348,357,358,0,0,0,0,0,0,0,0,0.8,1,1,0,20,20,0,0
348,348,347,349,358,359,0,0,0,0,0,0,0,0,0.801,1,1,0,20,20,0,0
349,349,348,350,359,360,0,0,0,0,0,0,0,0,0.801,1,1,0,20,20,0,0
350,350,349,351,360,361,0,0,0,0,0,0,0,0,0.852,1,1,0,20,20,0,0
351,351,350,352,361,362,0,0,0,0,0,0,0,0,0.851,1,1,0,20,20,0,0
352,352,351,353,362,363,0,0,0,0,0,0,0,0,0.795,1,1,0,20,20,0,0
353,353,352,354,363,364,0,0,0,0,0,0,0,0,0.888,1,1,0,20,20,0,0
354,354,353,355,364,365,0,0,0,0,0,0,0,0,0.896,1,1,0,20,20,0,0
355,355,354,356,365,366,0,0,0,0,0,0,0,0,0.985,1,1,0,20,20,0,0
356,356,355,357,366,367,0,0,0,0,0,0,0,0,0.929,1,1,0,20,20,0,0
357,357,356,358,367,368,0,0,0,0,0,0,0,0,0.87,1,1,0,20,20,0,0
358,358,357,359,368,369,0,0,0,0,0,0,0,0,0.778,1,1,0,20,20,0,0
359,359,358,360,369,370,0,0,0,0,0,0,0,0,0.76,1,1,0,20,20,0,0
360,360,359,361,370,371,0,0,0,0,0,0,0,0,0.68,1,1,0,20,20,0,0
361,361,360,362,371,372,0,0,0,0,0,0,0,0,0.995,1,1,0,20,20,0,0
362,362,361,363,372,373,0,0,0,0,0,0,0,0,0.959,1,1,0,20,20,0,0
363,363,362,364,374,375,0,0,0,0,0,0,0,0,1.006,1,1,0,20,20,0,0
364,364,363,365,375,376,0,0,0,0,0,0,0,0,0.705,1,1,0,7,7,0,0
365,365,364,366,376,377,0,0,0,0,0,0,0,0,1.073,1,1,0,7,7,0,0
366,366,365,367,377,378,0,0,0,0,0,0,0,0,0.884,1,1,0,7,7,0,0
367,367,366,368,378,379,0,0,0,0,0,0,0,0,1.018,1,1,0,7,7,0,0
368,368,367,369,379,380,0,0,0,0,0,0,0,0,0.966,1,1,0,7,7,0,0
369,369,368,370,380,381,0,0,0,0,0,0,0,0,0.734,1,1,0,7,7,0,0
370,370,369,371,381,382,0,0,0,0,0,0,0,0,1.105,1,1,0,7,7,0,0
371,371,370,372,382,383,0,0,0,0,0,0,0,0,1.148,1,1,0,7,7,0,0
372,372,371,373,383,384,0,0,0,0,0,0,0,0,1.183,1,1,0,7,7,0,0
373,373,372,374,384,385,0,0,0,0,0,0,0,0,1.206,1,1,0,7,7,0,0
374,374,373,375,385,386,0,0,0,0,0,0,0,0,1.108,1,1,0,7,7,0,0
375,375,374,376,386,387,0,0,0,0,0,0,0,0,1.114,1,1,0,7,7,0,0
376,376,375,377,387,388,0,0,0,0,0,0,0,0,1.175,1,1,0,20,20,0,0
377,377,376,378,388,389,0,0,0,0,0,0,0,0,1.159,1,1,0,20,20,0,0
378,378,377,379,389,390,0,0,0,0,0,0,0,0,1.166,1,1,0,20,20,0,0
379,379,378,380,390,391,0,0,0,0,0,0,0,0,0.965,1,1,0,20,20,0,0
380,380,379,381,391,392,0,0,0,0,0,0,0,0,1.005,1,1,0,20,20,0,0
381,381,380,382,392,393,0,0,0,0,0,0,0,0,1.003,1,1,0,20,20,0,0
382,382,381,383,393,394,0,0,0,0,0,0,0,0,1.057,1,1,0,20,20,0,0
383,383,382,384,394,395,0,0,0,0,0,0,0,0,1.056,1,1,0,20,20,0,0
384,384,383,385,395,396,0,0,0,0,0,0,0,0,1.005,1,1,0,20,20,0,0
385,385,384,386,396,397,0,0,0,0,0,0,0,0,0.954,1,1,0,20,20,0,0
386,386,385,387,397,398,0,0,0,0,0,0,0,0,1.053,1,1,0,20,20,0,0
387,387,386,388,398,399,0,0,0,0,0,0,0,0,0.993,1,1,0,20,20,0,0
388,388,387,389,399,400,0,0,0,0,0,0,0,0,1.007,1,1,0,20,20,0,0
389,389,388,390,400,401,0,0,0,0,0,0,0,0,1.008,1,1,0,20,20,0,0
390,390,389,391,401,402,0,0,0,0,0,0,0,0,0.993,1,1,0,20,20,0,0
391,391,390,392,402,403,0,0,0,0,0,0,0,0,0.911,1,1,0,20,20,0,0
392,392,391,393,403,404,0,0,0,0,0,0,0,0,0.906,1,1,0,20,20,0,0
393,393,392,394,404,405,0,0,0,0,0,0,0,0,1.003,1,1,0,20,20,0,0
394,394,393,395,405,406,0,0,0,0,0,0,0,0,0.902,1,1,0,20,20,0,0
395,395,394,396,406,407,0,0,0,0,0,0,0,0,0.852,1,1,0,20,20,0,0
396,396,395,397,408,409,0,0,0,0,0,0,0,0,0.908,1,1,0,20,20,0,0
397,397,396,398,409,410,0,0,0,0,0,0,0,0,1.002,1,1,0,20,20,0,0
398,398,397,399,410,411,0,0,0,0,0,0,0,0,1.006,1,1,0,20,20,0,0
399,399,398,400,411,412,0,0,0,0,0,0,0,0,1.002,1,1,0,20,20,0,0
400,400,399,401,412,413,0,0,0,0,0,0,0,0,0.992,1,1,0,20,20,0,0
401,401,400,402,413,414,0,0,0,0,0,0,0,0,1.002,1,1,0,20,20,0,0
402,402,401,403,414,415,0,0,0,0,0,0,0,0,1.002,1,1,0,20,20,0,0
403,403,402,404,415,416,0,0,0,0,0,0,0,0,0.9,1,1,0,20,20,0,0
404,404,403,405,416,417,0,0,0,0,0,0,0,0,1.1,1,1,0,20,20,0,0
405,405,404,406,417,418,0,0,0,0,0,0,0,0,0.992,1,1,0,20,20,0,0
406,406,405,407,418,419,0,0,0,0,0,0,0,0,1.002,1,1,0,20,20,0,0
407,407,406,408,419,420,0,0,0,0,0,0,0,0,1,1,1,0,20,20,0,0
408,408,407,409,420,421,0,0,0,0,0,0,0,0,1,1,1,0,20,20,0,0
409,409,408,410,421,422,0,0,0,0,0,0,0,0,1.002,1,1,0,20,20,0,0
410,410,409,411,422,423,0,0,0,0,0,0,0,0,1.002,1,1,0,20,20,0,0
411,411,410,412,423,424,0,0,0,0,0,0,0,0,0.99,1,1,0,20,20,0,0
412,412,411,413,424,425,0,0,0,0,0,0,0,0,1.052,1,1,0,20,20,0,0
413,413,412,414,425,426,0,0,0,0,0,0,0,0,0.952,1,1,0,20,20,0,0
414,414,413,415,426,427,0,0,0,0,0,0,0,0,1.002,1,1,0,20,20,0,0
415,415,414,416,427,428,0,0,0,0,0,0,0,0,1.002,1,1,0,20,20,0,0
416,416,415,417,428,429,0,0,0,0,0,0,0,0,0.992,1,1,0,20,20,0,0
417,417,416,418,429,430,0,0,0,0,0,0,0,0,1.002,1,1,0,20,20,0,0
418,418,417,419,430,431,0,0,0,0,0,0,0,0,1.002,1,1,0,20,20,0,0
419,419,418,420,431,432,0,0,0,0,0,0,0,0,1.002,1,1,0,20,20,0,0
420,420,419,421,432,433,0,0,0,0,0,0,0,0,1,1,1,0,20,20,0,0
421,421,420,422,433,434,0,0,0,0,0,0,0,0,0.992,1,1,0,20,20,0,0
422,422,421,423,434,435,0,0,0,0,0,0,0,0,1.002,1,1,0,20,20,0,0
423,423,422,424,435,436,0,0,0,0,0,0,0,0,1.002,1,1,0,20,20,0,0
424,424,423,425,436,437,0,0,0,0,0,0,0,0,1.002,1,1,0,20,20,0,0
425,425,424,426,437,438,0,0,0,0,0,0,0,0,1.002,1,1,0,20,20,0,0
426,426,425,427,438,439,0,0,0,0,0,0,0,0,1.002,1,1,0,20,20,0,0
427,427,426,428,439,440,0,0,0,0,0,0,0,0,0.992,1,1,0,20,20,0,0
428,428,427,429,440,441,0,0,0,0,0,0,0,0,1.002,1,1,0,20,20,0,0
429,429,428,430,441,442,0,0,0,0,0,0,0,0,1.002,1,1,0,20,20,0,0
430,430,429,431,442,443,0,0,0,0,0,0,0,0,1.002,1,1,0,20,20,0,0
431,431,430,432,443,444,0,0,0,0,0,0,0,0,1.002,1,1,0,20,20,0,0
432,432,431,433,444,445,0,0,0,0,0,0,0,0,0.992,1,1,0,20,20,0,0
433,433,432,434,445,446,0,0,0,0,0,0,0,0,0.952,1,1,0,20,20,0,0
434,434,433,435,446,447,0,0,0,0,0,0,0,0,1.052,1,1,0,20,20,0,0
435,435,434,436,447,448,0,0,0,0,0,0,0,0,1.002,1,1,0,20,20,0,0
436,436,435,437,448,449,0,0,0,0,0,0,0,0,1.002,1,1,0,20,20,0,0
437,437,436,438,449,450,0,0,0,0,0,0,0,0,0.992,1,1,0,20,20,0,0
438,438,437,439,450,451,0,0,0,0,0,0,0,0,1.002,1,1,0,20,20,0,0
439,439,438,440,451,452,0,0,0,0,0,0,0,0,1.002,1,1,0,20,20,0,0
440,440,439,441,452,453,0,0,0,0,0,0,0,0,1.002,1,1,0,20,20,0,0
441,441,440,442,453,454,0,0,0,0,0,0,0,0,1.002,1,1,0,20,20,0,0
442,442,441,443,454,455,0,0,0,0,0,0,0,0,1,1,1,0,20,20,0,0
443,443,442,444,455,456,0,0,0,0,0,0,0,0,0.992,1,1,0,20,20,0,0
444,444,443,445,456,457,0,0,0,0,0,0,0,0,1.002,1,1,0,20,20,0,0
445,445,444,446,457,458,0,0,0,0,0,0,0,0,1.002,1,1,0,20,20,0,0
446,446,445,447,458,459,0,0,0,0,0,0,0,0,1.002,1,1,0,20,20,0,0
447,447,446,448,459,460,0,0,0,0,0,0,0,0,0.952,1,1,0,20,20,0,0
448,448,447,449,460,461,0,0,0,0,0,0,0,0,0.992,1,1,0,20,20,0,0
449,449,448,450,461,462,0,0,0,0,0,0,0,0,1.052,1,1,0,20,20,0,0
450,450,449,451,462,463,0,0,0,0,0,0,0,0,1.002,1,1,0,20,20,0,0
451,451,450,452,463,464,0,0,0,0,0,0,0,0,1.002,1,1,0,20,20,0,0
452,452,451,453,464,465,0,0,0,0,0,0,0,0,1.002,1,1,0,20,20,0,0
453,453,452,454,465,466,0,0,0,0,0,0,0,0,0.992,1,1,0,20,20,0,0
454,454,453,455,466,467,0,0,0,0,0,0,0,0,1.002,1,1,0,20,20,0,0
455,455,454,456,467,468,0,0,0,0,0,0,0,0,1.002,1,1,0,20,20,0,0
456,456,455,457,468,469,0,0,0,0,0,0,0,0,1.002,1,1,0,20,20,0,0
457,457,456,458,469,470,0,0,0,0,0,0,0,0,1.002,1,1,0,20,20,0,0
458,458,457,459,470,471,0,0,0,0,0,0,0,0,1.002,1,1,0,20,20,0,0
459,459,458,460,471,472,0,0,0,0,0,0,0,0,0.996,1,1,0,20,20,0,0
460,460,459,461,472,473,0,0,0,0,0,0,0,0,1.002,1,1,0,20,20,0,0
461,461,460,462,473,474,0,0,0,0,0,0,0,0,1.002,1,1,0,20,20,0,0
462,462,461,463,474,475,0,0,0,0,0,0,0,0,1.002,1,1,0,20,20,0,0
463,463,462,464,475,476,0,0,0,0,0,0,0,0,1.002,1,1,0,20,20,0,0
464,464,463,465,476,477,0,0,0,0,0,0,0,0,0.99,1,1,0,20,20,0,0
465,465,464,466,477,478,0,0,0,0,0,0,0,0,1.002,1,1,0,20,20,0,0
466,466,465,467,478,479,0,0,0,0,0,0,0,0,1.002,1,1,0,20,20,0,0
467,467,466,468,479,480,0,0,0,0,0,0,0,0,1.002,1,1,0,20,20,0,0
468,468,467,469,480,481,0,0,0,0,0,0,0,0,0.849,1,1,0,20,20,0,0
469,469,468,470,481,482,0,0,0,0,0,0,0,0,0.872,1,1,0,20,20,0,0
470,470,469,471,483,484,0,0,0,0,0,0,0,0,0.837,1,1,0,20,20,0,0
471,471,470,472,484,485,0,0,0,0,0,0,0,0,0.992,1,1,0,20,20,0,0
472,472,471,473,485,486,0,0,0,0,0,0,0,0,1,1,1,0,20,20,0,0
473,473,472,474,486,487,0,0,0,0,0,0,0,0,1.002,1,1,0,20,20,0,0
474,474,473,475,487,488,0,0,0,0,0,0,0,0,0.992,1,1,0,20,20,0,0
475,475,474,476,488,489,0,0,0,0,0,0,0,0,1.003,1,1,0,20,20,0,0
476,476,475,477,489,490,0,0,0,0,0,0,0,0,1.002,1,1,0,20,20,0,0
477,477,476,478,490,491,0,0,0,0,0,0,0,0,1.002,1,1,0,20,20,0,0
478,478,477,479,491,492,0,0,0,0,0,0,0,0,0.993,1,1,0,20,20,0,0
479,479,478,480,492,493,0,0,0,0,0,0,0,0,1.007,1,1,0,20,20,0,0
480,480,479,481,493,494,0,0,0,0,0,0,0,0,1.002,1,1,0,20,20,0,0
481,481,480,482,494,495,0,0,0,0,0,0,0,0,1.003,1,1,0,20,20,0,0
482,482,481,483,495,496,0,0,0,0,0,0,0,0,0.992,1,1,0,20,20,0,0
483,483,482,484,496,497,0,0,0,0,0,0,0,0,1.003,1,1,0,20,20,0,0
484,484,483,485,497,498,0,0,0,0,0,0,0,0,1.002,1,1,0,20,20,0,0
485,485,484,486,498,499,0,0,0,0,0,0,0,0,1.002,1,1,0,20,20,0,0
486,486,485,487,499,500,0,0,0,0,0,0,0,0,0.993,1,1,0,20,20,0,0
487,487,486,488,500,501,0,0,0,0,0,0,0,0,1.002,1,1,0,20,20,0,0
488,488,487,489,501,502,0,0,0,0,0,0,0,0,1.002,1,1,0,20,20,0,0
489,489,488,490,502,503,0,0,0,0,0,0,0,0,0.993,1,1,0,20,20,0,0
490,490,489,491,503,504,0,0,0,0,0,0,0,0,1.002,1,1,0,20,20,0,0
491,491,490,492,504,505,0,0,0,0,0,0,0,0,1.002,1,1,0,20,20,0,0
492,492,491,493,505,506,0,0,0,0,0,0,0,0,1.003,1,1,0,20,20,0,0
493,493,492,494,506,507,0,0,0,0,0,0,0,0,0.992,1,1,0,20,20,0,0
494,494,493,495,507,508,0,0,0,0,0,0,0,0,1.003,1,1,0,20,20,0,0
495,495,494,496,508,509,0,0,0,0,0,0,0,0,1.002,1,1,0,20,20,0,0
496,496,495,497,509,510,0,0,0,0,0,0,0,0,1.002,1,1,0,20,20,0,0
497,497,496,498,510,511,0,0,0,0,0,0,0,0,0.993,1,1,0,20,20,0,0
498,498,497,499,511,512,0,0,0,0,0,0,0,0,1.002,1,1,0,20,20,0,0
499,499,498,500,512,513,0,0,0,0,0,0,0,0,1.002,1,1,0,20,20,0,0
500,500,499,501,513,514,0,0,0,0,0,0,0,0,0.993,1,1,0,20,20,0,0
501,501,500,502,514,515,0,0,0,0,0,0,0,0,1.002,1,1,0,20,20,0,0
502,502,501,503,515,516,0,0,0,0,0,0,0,0,1.002,1,1,0,20,20,0,0
503,503,502,504,516,517,0,0,0,0,0,0,0,0,1.003,1,1,0,20,20,0,0
504,504,503,505,517,518,0,0,0,0,0,0,0,0,0.992,1,1,0,20,20,0,0
505,505,504,506,518,519,0,0,0,0,0,0,0,0,1.003,1,1,0,20,20,0,0
506,506,505,507,519,520,0,0,0,0,0,0,0,0,1.002,1,1,0,20,20,0,0
507,507,506,508,520,521,0,0,0,0,0,0,0,0,1.002,1,1,0,20,20,0,0
508,508,507,509,521,522,0,0,0,0,0,0,0,0,0.993,1,1,0,20,20,0,0
509,509,508,510,522,523,0,0,0,0,0,0,0,0,1.002,1,1,0,20,20,0,0
510,510,509,511,523,524,0,0,0,0,0,0,0,0,1.002,1,1,0,20,20,0,0
511,511,510,512,524,525,0,0,0,0,0,0,0,0,0.993,1,1,0,20,20,0,0
512,512,511,513,525,526,0,0,0,0,0,0,0,0,1.002,1,1,0,20,20,0,0
513,513,512,514,526,527,0,0,0,0,0,0,0,0,1.002,1,1,0,20,20,0,0
514,514,513,515,527,528,0,0,0,0,0,0,0,0,1.003,1,1,0,20,20,0,0
515,515,514,516,528,529,0,0,0,0,0,0,0,0,0.992,1,1,0,20,20,0,0
516,516,515,517,529,530,0,0,0,0,0,0,0,0,1.002,1,1,0,20,20,0,0
517,517,516,518,530,531,0,0,0,0,0,0,0,0,1.003,1,1,0,20,20,0,0
518,518,517,519,531,532,0,0,0,0,0,0,0,0,1.002,1,1,0,20,20,0,0
519,519,518,520,532,533,0,0,0,0,0,0,0,0,0.993,1,1,0,20,20,0,0
520,520,519,521,533,534,0,0,0,0,0,0,0,0,1.002,1,1,0,20,20,0,0
521,521,520,522,534,535,0,0,0,0,0,0,0,0,1.002,1,1,0,20,20,0,0
522,522,521,523,535,536,0,0,0,0,0,0,0,0,0.993,1,1,0,20,20,0,0
523,523,522,524,536,537,0,0,0,0,0,0,0,0,1.002,1,1,0,20,20,0,0
524,524,523,525,537,538,0,0,0,0,0,0,0,0,1.002,1,1,0,20,20,0,0
525,525,524,526,538,539,0,0,0,0,0,0,0,0,1.003,1,1,0,20,20,0,0
526,526,525,527,539,540,0,0,0,0,0,0,0,0,0.992,1,1,0,20,20,0,0
527,527,526,528,540,541,0,0,0,0,0,0,0,0,1.002,1,1,0,20,20,0,0
528,528,527,529,541,542,0,0,0,0,0,0,0,0,1.003,1,1,0,20,20,0,0
529,529,528,530,542,543,0,0,0,0,0,0,0,0,1.002,1,1,0,20,20,0,0
530,530,529,531,543,544,0,0,0,0,0,0,0,0,0.993,1,1,0,20,20,0,0
531,531,530,532,544,545,0,0,0,0,0,0,0,0,1.002,1,1,0,20,20,0,0
532,532,531,533,545,546,0,0,0,0,0,0,0,0,1.002,1,1,0,20,20,0,0
533,533,532,534,546,547,0,0,0,0,0,0,0,0,0.993,1,1,0,20,20,0,0
534,534,533,535,547,548,0,0,0,0,0,0,0,0,0.744,1,1,0,20,20,0,0
535,535,534,536,549,550,0,0,0,0,0,0,0,0,0.703,1,1,0,20,20,0,0
536,536,535,537,550,551,0,0,0,0,0,0,0,0,0.992,1,1,0,20,20,0,0
537,537,536,538,551,552,0,0,0,0,0,0,0,0,1.002,1,1,0,20,20,0,0
538,538,537,539,552,553,0,0,0,0,0,0,0,0,1.002,1,1,0,20,20,0,0
539,539,538,540,553,554,0,0,0,0,0,0,0,0,1.002,1,1,0,20,20,0,0
540,540,539,541,554,555,0,0,0,0,0,0,0,0,1.002,1,1,0,20,20,0,0
541,541,540,542,555,556,0,0,0,0,0,0,0,0,0.992,1,1,0,20,20,0,0
542,542,541,543,556,557,0,0,0,0,0,0,0,0,1.002,1,1,0,20,20,0,0
543,543,542,544,557,558,0,0,0,0,0,0,0,0,1.002,1,1,0,20,20,0,0
544,544,543,545,558,559,0,0,0,0,0,0,0,0,1.002,1,1,0,20,20,0,0
545,545,544,546,559,560,0,0,0,0,0,0,0,0,1.002,1,1,0,20,20,0,0
546,546,545,547,560,561,0,0,0,0,0,0,0,0,1.046,1,1,0,20,20,0,0
547,547,546,548,561,562,0,0,0,0,0,0,0,0,0.952,1,1,0,20,20,0,0
548,548,547,549,562,563,0,0,0,0,0,0,0,0,1.002,1,1,0,20,20,0,0
549,549,548,550,563,564,0,0,0,0,0,0,0,0,1.002,1,1,0,20,20,0,0
550,550,549,551,564,565,0,0,0,0,0,0,0,0,1.002,1,1,0,20,20,0,0
551,551,550,552,565,566,0,0,0,0,0,0,0,0,0.992,1,1,0,20,20,0,0
552,552,551,553,566,567,0,0,0,0,0,0,0,0,1.002,1,1,0,20,20,0,0
553,553,552,554,567,568,0,0,0,0,0,0,0,0,1.002,1,1,0,20,20,0,0
554,554,553,555,568,569,0,0,0,0,0,0,0,0,1.002,1,1,0,20,20,0,0
555,555,554,556,569,570,0,0,0,0,0,0,0,0,1.002,1,1,0,20,20,0,0
556,556,555,557,570,571,0,0,0,0,0,0,0,0,0.992,1,1,0,20,20,0,0
557,557,556,558,571,572,0,0,0,0,0,0,0,0,1.002,1,1,0,20,20,0,0
558,558,557,559,572,573,0,0,0,0,0,0,0,0,1.002,1,1,0,20,20,0,0
559,559,558,560,573,574,0,0,0,0,0,0,0,0,1.002,1,1,0,20,20,0,0
560,560,559,561,574,575,0,0,0,0,0,0,0,0,1.002,1,1,0,20,20,0,0
561,561,560,562,575,576,0,0,0,0,0,0,0,0,0.992,1,1,0,20,20,0,0
562,562,561,563,576,577,0,0,0,0,0,0,0,0,1.002,1,1,0,20,20,0,0
563,563,562,564,577,578,0,0,0,0,0,0,0,0,1.002,1,1,0,20,20,0,0
564,564,563,565,578,579,0,0,0,0,0,0,0,0,1.002,1,1,0,20,20,0,0
565,565,564,566,579,580,0,0,0,0,0,0,0,0,1.002,1,1,0,20,20,0,0
566,566,565,567,580,581,0,0,0,0,0,0,0,0,0.992,1,1,0,20,20,0,0
567,567,566,568,581,582,0,0,0,0,0,0,0,0,1.002,1,1,0,20,20,0,0
568,568,567,569,582,583,0,0,0,0,0,0,0,0,1.002,1,1,0,20,20,0,0
569,569,568,570,583,584,0,0,0,0,0,0,0,0,1.002,1,1,0,20,20,0,0
570,570,569,571,584,585,0,0,0,0,0,0,0,0,1.002,1,1,0,20,20,0,0
571,571,570,572,585,586,0,0,0,0,0,0,0,0,0.992,1,1,0,20,20,0,0
572,572,571,573,586,587,0,0,0,0,0,0,0,0,1.002,1,1,0,20,20,0,0
573,573,572,574,587,588,0,0,0,0,0,0,0,0,1.002,1,1,0,20,20,0,0
574,574,573,575,588,589,0,0,0,0,0,0,0,0,1.002,1,1,0,20,20,0,0
575,575,574,576,589,590,0,0,0,0,0,0,0,0,1.002,1,1,0,20,20,0,0
576,576,575,577,590,591,0,0,0,0,0,0,0,0,0.992,1,1,0,20,20,0,0
577,577,576,578,591,592,0,0,0,0,0,0,0,0,1.002,1,1,0,20,20,0,0
578,578,577,579,592,593,0,0,0,0,0,0,0,0,1.002,1,1,0,20,20,0,0
579,579,578,580,593,594,0,0,0,0,0,0,0,0,1.002,1,1,0,20,20,0,0
580,580,579,581,594,595,0,0,0,0,0,0,0,0,1.002,1,1,0,20,20,0,0
581,581,580,582,595,596,0,0,0,0,0,0,0,0,1.002,1,1,0,20,20,0,0
582,582,581,583,596,597,0,0,0,0,0,0,0,0,0.99,1,1,0,20,20,0,0
583,583,582,584,597,598,0,0,0,0,0,0,0,0,1.002,1,1,0,20,20,0,0
584,584,583,585,598,599,0,0,0,0,0,0,0,0,1,1,1,0,20,20,0,0
585,585,584,586,599,600,0,0,0,0,0,0,0,0,1.002,1,1,0,20,20,0,0
586,586,585,587,600,601,0,0,0,0,0,0,0,0,1.002,1,1,0,20,20,0,0
587,587,586,588,601,602,0,0,0,0,0,0,0,0,0.992,1,1,0,20,20,0,0
588,588,587,589,602,603,0,0,0,0,0,0,0,0,1.002,1,1,0,20,20,0,0
589,589,588,590,603,604,0,0,0,0,0,0,0,0,1.002,1,1,0,20,20,0,0
590,590,589,591,604,605,0,0,0,0,0,0,0,0,1.002,1,1,0,20,20,0,0
591,591,590,592,605,606,0,0,0,0,0,0,0,0,1.002,1,1,0,20,20,0,0
592,592,591,593,606,607,0,0,0,0,0,0,0,0,0.992,1,1,0,20,20,0,0
593,593,592,594,607,608,0,0,0,0,0,0,0,0,1.002,1,1,0,20,20,0,0
594,594,593,595,608,609,0,0,0,0,0,0,0,0,1.002,1,1,0,20,20,0,0
595,595,594,596,609,610,0,0,0,0,0,0,0,0,1.002,1,1,0,20,20,0,0
596,596,595,597,610,611,0,0,0,0,0,0,0,0,1.002,1,1,0,20,20,0,0
597,597,596,598,611,612,0,0,0,0,0,0,0,0,0.992,1,1,0,20,20,0,0
598,598,597,599,612,613,0,0,0,0,0,0,0,0,1.002,1,1,0,20,20,0,0
599,599,598,600,613,614,0,0,0,0,0,0,0,0,1.002,1,1,0,20,20,0,0
600,600,599,601,614,615,0,0,0,0,0,0,0,0,1.002,1,1,0,20,20,0,0
601,601,600,602,615,616,0,0,0,0,0,0,0,0,1.002,1,1,0,20,20,0,0
602,602,601,603,616,617,0,0,0,0,0,0,0,0,0.992,1,1,0,20,20,0,0
603,603,602,604,617,618,0,0,0,0,0,0,0,0,1.002,1,1,0,20,20,0,0
604,604,603,605,618,619,0,0,0,0,0,0,0,0,1.002,1,1,0,20,20,0,0
605,605,604,606,619,620,0,0,0,0,0,0,0,0,1.002,1,1,0,20,20,0,0
606,606,605,607,620,621,0,0,0,0,0,0,0,0,1.002,1,1,0,20,20,0,0
607,607,606,608,621,622,0,0,0,0,0,0,0,0,0.992,1,1,0,20,20,0,0
608,608,607,609,622,623,0,0,0,0,0,0,0,0,1.002,1,1,0,20,20,0,0
609,609,608,610,623,624,0,0,0,0,0,0,0,0,1.002,1,1,0,20,20,0,0
610,610,609,611,624,625,0,0,0,0,0,0,0,0,1.002,1,1,0,20,20,0,0
611,611,610,612,625,626,0,0,0,0,0,0,0,0,1.002,1,1,0,20,20,0,0
612,612,611,613,626,627,0,0,0,0,0,0,0,0,0.992,1,1,0,20,20,0,0
613,613,612,614,627,628,0,0,0,0,0,0,0,0,1.002,1,1,0,20,20,0,0
614,614,613,615,628,629,0,0,0,0,0,0,0,0,1.002,1,1,0,20,20,0,0
615,615,614,616,629,630,0,0,0,0,0,0,0,0,1.002,1,1,0,20,20,0,0
616,616,615,617,630,631,0,0,0,0,0,0,0,0,1.002,1,1,0,20,20,0,0
617,617,616,618,631,632,0,0,0,0,0,0,0,0,0.992,1,1,0,20,20,0,0
618,618,617,619,632,633,0,0,0,0,0,0,0,0,1.002,1,1,0,20,20,0,0
619,619,618,620,633,634,0,0,0,0,0,0,0,0,1.002,1,1,0,20,20,0,0
620,620,619,621,634,635,0,0,0,0,0,0,0,0,0.903,1,1,0,20,20,0,0
621,621,620,622,635,636,0,0,0,0,0,0,0,0,0.902,1,1,0,20,20,0,0
622,622,621,665,636,637,0,0,0,0,0,0,0,0,0.921,1,1,0,20,20,0,0
623,623,145,624,638,639,0,0,0,0,0,0,0,0,1.051,1,1,0,20,20,0,0
624,624,623,625,639,640,0,0,0,0,0,0,0,0,1.051,1,1,0,20,20,0,0
625,625,624,626,640,641,0,0,0,0,0,0,0,0,1.001,1,1,0,20,20,0,0
626,626,625,627,641,642,0,0,0,0,0,0,0,0,0.95,1,1,0,20,20,0,0
627,627,626,628,642,643,0,0,0,0,0,0,0,0,1.001,1,1,0,20,20,0,0
628,628,627,629,643,644,0,0,0,0,0,0,0,0,1.001,1,1,0,20,20,0,0
629,629,628,630,644,645,0,0,0,0,0,0,0,0,0.951,1,1,0,20,20,0,0
630,630,629,631,645,646,0,0,0,0,0,0,0,0,1.051,1,1,0,20,20,0,0
631,631,630,632,646,647,0,0,0,0,0,0,0,0,1,1,1,0,20,20,0,0
632,632,631,633,647,648,0,0,0,0,0,0,0,0,1.001,1,1,0,20,20,0,0
633,633,632,634,648,649,0,0,0,0,0,0,0,0,0.991,1,1,0,20,20,0,0
634,634,633,635,649,650,0,0,0,0,0,0,0,0,1.001,1,1,0,20,20,0,0
635,635,634,636,650,651,0,0,0,0,0,0,0,0,1,1,1,0,20,20,0,0
636,636,635,637,651,652,0,0,0,0,0,0,0,0,1.001,1,1,0,20,20,0,0
637,637,636,638,652,653,0,0,0,0,0,0,0,0,1.001,1,1,0,20,20,0,0
638,638,637,639,653,654,0,0,0,0,0,0,0,0,1.001,1,1,0,20,20,0,0
639,639,638,640,654,655,0,0,0,0,0,0,0,0,1.001,1,1,0,20,20,0,0
640,640,639,641,655,656,0,0,0,0,0,0,0,0,1.001,1,1,0,20,20,0,0
641,641,640,642,656,657,0,0,0,0,0,0,0,0,1.004,1,1,0,20,20,0,0
642,642,641,643,657,658,0,0,0,0,0,0,0,0,1.001,1,1,0,20,20,0,0
643,643,642,644,658,659,0,0,0,0,0,0,0,0,1.001,1,1,0,20,20,0,0
644,644,643,645,659,660,0,0,0,0,0,0,0,0,1.001,1,1,0,20,20,0,0
645,645,644,646,660,661,0,0,0,0,0,0,0,0,1.003,1,1,0,20,20,0,0
646,646,645,647,661,662,0,0,0,0,0,0,0,0,0.994,1,1,0,20,20,0,0
647,647,646,648,662,663,0,0,0,0,0,0,0,0,1.001,1,1,0,20,20,0,0
648,648,647,649,663,664,0,0,0,0,0,0,0,0,1.004,1,1,0,20,20,0,0
649,649,648,650,664,665,0,0,0,0,0,0,0,0,1.001,1,1,0,20,20,0,0
650,650,649,651,665,666,0,0,0,0,0,0,0,0,1.004,1,1,0,20,20,0,0
651,651,650,652,666,667,0,0,0,0,0,0,0,0,1.001,1,1,0,20,20,0,0
652,652,651,653,667,668,0,0,0,0,0,0,0,0,1.004,1,1,0,20,20,0,0
653,653,652,654,668,669,0,0,0,0,0,0,0,0,1.001,1,1,0,20,20,0,0
654,654,653,655,669,670,0,0,0,0,0,0,0,0,1.001,1,1,0,20,20,0,0
655,655,654,656,670,671,0,0,0,0,0,0,0,0,1.003,1,1,0,20,20,0,0
656,656,655,657,671,672,0,0,0,0,0,0,0,0,1.001,1,1,0,20,20,0,0
657,657,656,658,672,673,0,0,0,0,0,0,0,0,1.001,1,1,0,20,20,0,0
658,658,657,659,673,674,0,0,0,0,0,0,0,0,1.001,1,1,0,20,20,0,0
659,659,658,660,674,675,0,0,0,0,0,0,0,0,0.991,1,1,0,20,20,0,0
660,660,659,661,675,676,0,0,0,0,0,0,0,0,1.001,1,1,0,20,20,0,0
661,661,660,662,676,677,0,0,0,0,0,0,0,0,1.001,1,1,0,20,20,0,0
662,662,661,663,677,678,0,0,0,0,0,0,0,0,1.001,1,1,0,20,20,0,0
663,663,662,664,678,679,0,0,0,0,0,0,0,0,1.001,1,1,0,20,20,0,0
664,664,663,146,679,680,0,0,0,0,0,0,0,0,0.93,1,1,0,20,20,0,0
665,665,622,666,681,682,0,0,0,0,0,0,0,0,1.002,1,1,0,20,20,0,0
666,666,665,667,682,683,0,0,0,0,0,0,0,0,0.951,1,1,0,20,20,0,0
667,667,666,668,683,684,0,0,0,0,0,0,0,0,0.941,1,1,0,20,20,0,0
668,668,667,669,684,685,0,0,0,0,0,0,0,0,0.94,1,1,0,20,20,0,0
669,669,668,670,685,686,0,0,0,0,0,0,0,0,0.891,1,1,0,20,20,0,0
670,670,669,671,686,687,0,0,0,0,0,0,0,0,0.897,1,1,10,20,20,0,0
671,671,670,672,687,688,0,0,0,0,0,0,0,0,0.939,1,1,10,20,20,0,0
672,672,671,673,688,689,0,0,0,0,0,0,0,0,0.894,1,1,10,8,8,0,0
673,673,672,674,689,690,0,0,0,0,0,0,0,0,0.597,1,1,10,8,8,0,0
674,674,673,675,690,691,0,0,0,0,0,0,0,0,0.885,1,1,10,8,8,0,0
675,675,674,676,691,692,0,0,0,0,0,0,0,0,0.677,1,1,10,8,8,0,0
676,676,675,677,692,693,0,0,0,0,0,0,0,0,0.871,1,1,10,8,8,0,0
677,677,676,678,693,694,0,0,0,0,0,0,0,0,0.685,1,1,10,8,8,0,0
678,678,677,679,694,695,0,0,0,0,0,0,0,0,0.667,1,1,10,8,8,0,0
679,679,678,680,695,696,0,0,0,0,0,0,0,0,0.726,1,1,10,8,8,0,0
680,680,679,681,696,697,0,0,0,0,0,0,0,0,1.020,1,1,10,8,8,0,0
681,681,680,682,697,698,0,0,0,0,0,0,0,0,0.701,1,1,10,8,8,0,0
682,682,681,683,698,699,0,0,0,0,0,0,0,0,0.928,1,1,10,8,8,0,0
683,683,682,684,699,700,0,0,0,0,0,0,0,0,0.769,1,1,10,8,8,0,0
684,684,683,685,700,701,0,0,0,0,0,0,0,0,0.927,1,1,10,8,8,0,0
685,685,684,686,701,702,0,0,0,0,0,0,0,0,0.837,1,1,10,8,8,0,0
686,686,685,687,702,703,0,0,0,0,0,0,0,0,0.913,1,1,10,8,8,0,0
687,687,686,688,703,704,0,0,0,0,0,0,0,0,0.904,1,1,10,8,8,0,0
688,688,687,689,704,705,0,0,0,0,0,0,0,0,0.760,1,1,10,8,8,0,0
689,689,688,690,705,706,0,0,0,0,0,0,0,0,1.029,1,1,10,8,8,0,0
690,690,689,691,706,707,0,0,0,0,0,0,0,0,1.008,1,1,10,8,8,0,0
691,691,690,749,707,708,0,0,0,0,0,0,0,0,0.993,1,1,10,8,8,0,0
726,726,0,727,743,744,0,0,0,0,0,0,0,0,0.117,1,1,10,5,5,0,0
727,727,726,728,745,746,0,766,0,0,0,0,0,0,0.92,1,1,10,5,5,0,0
728,728,727,729,746,747,0,0,0,0,0,0,0,0,0.891,1,1,10,5,5,0,0
729,729,728,730,747,748,0,0,0,0,0,0,0,0,1,1,1,10,5,5,0,0
730,730,729,731,748,749,0,0,0,0,0,0,0,0,0.927,1,1,10,5,5,0,0
731,731,730,732,749,750,0,0,0,0,0,0,0,0,0.928,1,1,10,5,5,0,0
732,732,731,733,750,751,0,0,0,0,0,0,0,0,0.936,1,1,10,5,5,0,0
733,733,732,734,751,752,0,0,0,0,0,0,0,0,0.927,1,1,10,5,5,0,0
734,734,733,735,752,753,0,0,0,0,0,0,0,0,0.928,1,1,10,5,5,0,0
735,735,734,736,753,754,0,0,0,0,0,0,0,0,1.007,1,1,10,5,5,0,0
736,736,735,737,754,755,0,0,0,0,0,0,0,0,0.964,1,1,10,5,5,0,0
737,737,736,738,755,756,0,0,0,0,0,0,0,0,0.959,1,1,10,5,5,0,0
738,738,737,739,756,757,0,0,0,0,0,0,0,0,0.917,1,1,10,5,5,0,0
739,739,738,740,757,758,0,0,0,0,0,0,0,0,0.882,1,1,10,5,5,0,0
740,740,739,741,758,759,0,0,0,0,0,0,0,0,0.832,1,1,10,5,5,0,0
741,741,740,742,759,760,0,0,0,0,0,0,0,0,0.832,1,1,10,5,5,0,0
742,742,741,743,760,761,0,0,0,0,0,0,0,0,0.782,1,1,10,5,5,0,0
743,743,742,744,761,762,0,0,0,0,0,0,0,0,0.775,1,1,10,5,5,0,0
744,744,743,745,762,763,0,0,0,0,0,0,0,0,0.798,1,1,10,5,5,0,0
745,745,744,746,763,764,0,0,0,0,0,0,0,0,0.878,1,1,10,5,5,0,0
746,746,745,747,764,765,0,0,0,0,0,0,0,0,0.863,1,1,10,5,5,0,0
747,747,746,748,765,766,0,0,0,0,0,0,0,0,0.784,1,1,10,5,5,0,0
748,748,747,767,766,767,0,0,0,0,0,0,0,0,0.908,1,1,10,5,5,0,0
749,749,691,750,768,769,0,0,0,0,0,0,0,0,0.931,1,1,10,5,5,0,0
750,750,749,751,769,770,0,0,0,0,0,0,0,0,0.982,1,1,10,5,5,0,0
751,751,750,752,770,771,0,0,0,0,0,0,0,0,0.996,1,1,10,5,5,0,0
752,752,751,753,771,772,0,0,0,0,0,0,0,0,0.912,1,1,10,5,5,0,0
753,753,752,754,772,773,0,0,0,0,0,0,0,0,0.949,1,1,10,5,5,0,0
754,754,753,755,773,774,0,0,0,0,0,0,0,0,0.988,1,1,10,5,5,0,0
755,755,754,756,774,775,0,0,0,0,0,0,0,0,0.944,1,1,10,5,5,0,0
756,756,755,757,775,776,0,0,0,0,0,0,0,0,0.752,1,1,10,5,5,0,0
757,757,756,758,776,777,0,0,0,0,0,0,0,0,0.913,1,1,10,5,5,0,0
758,758,757,759,777,778,0,0,0,0,0,0,0,0,0.937,1,1,10,5,5,0,0
759,759,758,760,778,779,0,0,0,0,0,0,0,0,1.143,1,1,10,5,5,0,0
760,760,759,761,779,780,0,0,0,0,0,0,0,0,1.015,1,1,10,5,5,0,0
761,761,760,762,780,781,0,0,0,0,0,0,0,0,0.955,1,1,10,5,5,0,0
762,762,761,763,781,782,0,0,0,0,0,0,0,0,1.004,1,1,10,5,5,0,0
763,763,762,764,782,783,0,0,0,0,0,0,0,0,0.997,1,1,10,5,5,0,0
764,764,763,765,783,784,0,0,0,0,0,0,0,0,0.851,1,1,10,5,5,0,0
765,765,764,766,784,785,0,0,0,0,0,0,0,0,1.165,1,1,10,5,5,0,0
766,766,765,727,785,786,0,0,0,0,0,0,0,0,1.008,1,1,10,5,5,0,0
767,767,748,768,787,788,0,0,0,0,0,0,0,0,1.004,1,1,10,5,5,0,0
768,768,767,769,788,789,0,0,0,0,0,0,0,0,0.906,1,1,10,5,5,0,0
769,769,768,770,789,790,0,0,0,0,0,0,0,0,0.901,1,1,10,5,5,0,0
770,770,769,771,790,791,0,0,0,0,0,0,0,0,1,1,1,10,5,5,0,0
771,771,770,772,791,792,0,0,0,0,0,0,0,0,0.993,1,1,10,5,5,0,0
772,772,771,773,792,793,0,0,0,0,0,0,0,0,0.93,1,1,10,5,5,0,0
773,773,772,774,793,794,0,0,0,0,0,0,0,0,1.351,1,1,10,5,5,0,0
774,774,773,775,794,795,0,0,0,0,0,0,0,0,1.003,1,1,10,5,5,0,0
775,775,774,776,795,796,0,0,0,0,0,0,0,0,0.943,1,1,10,5,5,0,0
776,776,775,777,796,797,0,0,0,0,0,0,0,0,1.123,1,1,10,5,5,0,0
777,777,776,778,797,798,0,0,0,0,0,0,0,0,1.209,1,1,10,5,5,0,0
778,778,777,779,798,799,0,0,0,0,0,0,0,0,1.017,1,1,10,5,5,0,0
779,779,778,780,799,800,0,0,0,0,0,0,0,0,0.94,1,1,10,5,5,0,0
780,780,779,781,800,801,0,0,0,0,0,0,0,0,1.038,1,1,10,5,5,0,0
781,781,780,782,801,802,0,0,0,0,0,0,0,0,1.166,1,1,10,5,5,0,0
782,782,781,783,802,803,0,0,0,0,0,0,0,0,1.137,1,1,10,5,5,0,0
783,783,782,784,803,804,0,0,0,0,0,0,0,0,0.814,1,1,10,5,5,0,0
784,784,783,785,804,805,0,0,0,0,0,0,0,0,0.962,1,1,10,5,5,0,0
785,785,784,800,805,806,0,0,0,0,0,0,0,0,0.928,1,1,10,5,5,0,0
786,786,816,787,807,808,0,0,0,0,0,0,0,0,0.884,1,1,10,5,5,0,0
787,787,786,788,808,809,0,0,0,0,0,0,0,0,0.794,1,1,10,5,5,0,0
788,788,787,789,809,810,0,0,0,0,0,0,0,0,0.72,1,1,10,5,5,0,0
789,789,788,790,810,811,0,0,0,0,0,0,0,0,0.602,1,1,10,5,5,0,0
790,790,789,791,811,812,0,0,0,0,0,0,0,0,0.633,1,1,10,5,5,0,0
791,791,790,792,812,813,0,0,0,0,0,0,0,0,0.671,1,1,10,5,5,0,0
792,792,791,793,813,814,0,0,0,0,0,0,0,0,0.639,1,1,10,5,5,0,0
793,793,792,794,814,815,0,0,0,0,0,0,0,0,0.626,1,1,10,5,5,0,0
794,794,793,795,815,816,0,0,0,0,0,0,0,0,0.769,1,1,10,5,5,0,0
795,795,794,796,816,817,0,0,0,0,0,0,0,0,0.621,1,1,10,5,5,0,0
796,796,795,797,817,818,0,0,0,0,0,0,0,0,0.82,1,1,10,5,5,0,0
797,797,796,798,818,819,0,0,0,0,0,0,0,0,1.008,1,1,10,5,5,0,0
798,798,797,799,819,820,0,0,0,0,0,0,0,0,0.948,1,1,10,5,5,0,0
799,799,798,1,820,821,0,0,0,0,0,0,0,0,1.123,1,1,10,5,5,0,0
800,800,785,801,822,823,0,0,0,0,0,0,0,0,0.857,1,1,10,5,5,0,0
801,801,800,802,823,824,0,0,0,0,0,0,0,0,0.644,1,1,10,5,5,0,0
802,802,801,803,824,825,0,0,0,0,0,0,0,0,0.718,1,1,10,5,5,0,0
803,803,802,804,825,826,0,0,0,0,0,0,0,0,0.987,1,1,10,5,5,0,0
804,804,803,805,826,827,0,0,0,0,0,0,0,0,0.605,1,1,10,5,5,0,0
805,805,804,806,827,828,0,0,0,0,0,0,0,0,0.695,1,1,10,5,5,0,0
806,806,805,807,828,829,0,0,0,0,0,0,0,0,0.546,1,1,10,5,5,0,0
807,807,806,808,829,830,0,0,0,0,0,0,0,0,0.696,1,1,10,5,5,0,0
808,808,807,809,830,831,0,0,0,0,0,0,0,0,0.675,1,1,10,5,5,0,0
809,809,808,810,831,832,0,0,0,0,0,0,0,0,0.653,1,1,10,5,5,0,0
810,810,809,811,832,833,0,0,0,0,0,0,0,0,0.646,1,1,10,5,5,0,0
811,811,810,812,833,834,0,0,0,0,0,0,0,0,0.608,1,1,10,5,5,0,0
812,812,811,813,834,835,0,0,0,0,0,0,0,0,0.65,1,1,10,5,5,0,0
813,813,812,814,835,836,0,0,0,0,0,0,0,0,0.743,1,1,10,5,5,0,0
814,814,813,815,836,837,0,0,0,0,0,0,0,0,0.736,1,1,10,5,5,0,0
815,815,814,816,837,838,0,0,0,0,0,0,0,0,0.636,1,1,10,5,5,0,0
816,816,815,786,838,839,0,0,0,0,0,0,0,0,0.775,1,1,10,5,5,0,0
817,817,321,818,840,841,0,0,0,0,0,0,0,0,0.841,1,1,0,20,20,0,0
818,818,817,819,841,842,0,0,0,0,0,0,0,0,1.041,1,1,0,20,20,0,0
819,819,818,820,842,843,0,0,0,0,0,0,0,0,0.941,1,1,0,20,20,0,0
820,820,819,821,843,844,0,0,0,0,0,0,0,0,0.991,1,1,0,20,20,0,0
821,821,820,822,844,845,0,0,0,0,0,0,0,0,0.99,1,1,0,20,20,0,0
822,822,821,823,845,846,0,0,0,0,0,0,0,0,0.99,1,1,0,20,20,0,0
823,823,822,824,846,847,0,0,0,0,0,0,0,0,0.993,1,1,0,20,20,0,0
824,824,823,825,847,848,0,0,0,0,0,0,0,0,0.992,1,1,0,20,20,0,0
825,825,824,826,848,849,0,0,0,0,0,0,0,0,1.002,1,1,0,20,20,0,0
826,826,825,827,849,850,0,0,0,0,0,0,0,0,0.99,1,1,0,20,20,0,0
827,827,826,828,850,851,0,0,0,0,0,0,0,0,1.001,1,1,0,20,20,0,0
828,828,827,829,851,852,0,0,0,0,0,0,0,0,0.991,1,1,0,20,20,0,0
829,829,828,830,852,853,0,0,0,0,0,0,0,0,1.004,1,1,0,20,20,0,0
830,830,829,831,853,854,0,0,0,0,0,0,0,0,0.993,1,1,0,20,20,0,0
831,831,830,832,854,855,0,0,0,0,0,0,0,0,1.002,1,1,0,20,20,0,0
832,832,831,833,855,856,0,0,0,0,0,0,0,0,1.002,1,1,0,20,20,0,0
833,833,832,834,856,857,0,0,0,0,0,0,0,0,1.001,1,1,0,20,20,0,0
834,834,833,835,857,858,0,0,0,0,0,0,0,0,1.003,1,1,0,20,20,0,0
835,835,834,836,858,859,0,0,0,0,0,0,0,0,1.002,1,1,0,9,9,0,0
836,836,835,837,859,860,0,0,0,0,0,0,0,0,1.001,1,1,0,9,9,0,0
837,837,836,838,860,861,0,0,0,0,0,0,0,0,1,1,1,0,9,9,0,0
838,838,837,839,861,862,0,0,0,0,0,0,0,0,1.004,1,1,0,9,9,0,0
839,839,838,840,862,863,0,0,0,0,0,0,0,0,0.991,1,1,0,9,9,0,0
840,840,839,841,863,864,0,0,0,0,0,0,0,0,0.997,1,1,0,9,9,0,0
841,841,840,842,864,865,0,0,0,0,0,0,0,0,1.026,1,1,0,9,9,0,0
842,842,841,843,865,866,0,0,0,0,0,0,0,0,1.011,1,1,0,9,9,0,0
843,843,842,844,866,867,0,0,0,0,0,0,0,0,0.74,1,1,0,9,9,0,0
844,844,843,845,867,868,0,0,0,0,0,0,0,0,0.952,1,1,0,9,9,0,0
845,845,844,846,868,869,0,0,0,0,0,0,0,0,1.025,1,1,0,9,9,0,0
846,846,845,847,869,870,0,0,0,0,0,0,0,0,0.729,1,1,0,9,9,0,0
847,847,846,848,870,871,0,0,0,0,0,0,0,0,0.894,1,1,0,9,9,0,0
848,848,847,849,871,872,0,0,0,0,0,0,0,0,1.002,1,1,0,9,9,0,0
849,849,848,850,872,873,0,0,0,0,0,0,0,0,0.992,1,1,0,9,9,0,0
850,850,849,851,873,874,0,0,0,0,0,0,0,0,1.005,1,1,0,9,9,0,0
851,851,850,852,874,875,0,0,0,0,0,0,0,0,0.887,1,1,0,20,20,0,0
852,852,851,853,875,876,0,0,0,0,0,0,0,0,1.026,1,1,0,20,20,0,0
853,853,852,854,876,877,0,0,0,0,0,0,0,0,1.114,1,1,0,20,20,0,0
854,854,853,855,877,878,0,0,0,0,0,0,0,0,0.998,1,1,0,20,20,0,0
855,855,854,856,878,879,0,0,0,0,0,0,0,0,1.022,1,1,0,20,20,0,0
856,856,855,857,879,880,0,0,0,0,0,0,0,0,0.996,1,1,0,20,20,0,0
857,857,856,858,880,881,0,0,0,0,0,0,0,0,1.004,1,1,0,20,20,0,0
858,858,857,859,881,882,0,0,0,0,0,0,0,0,0.918,1,1,0,20,20,0,0
859,859,858,860,882,883,0,0,0,0,0,0,0,0,1.017,1,1,0,20,20,0,0
860,860,859,861,883,884,0,0,0,0,0,0,0,0,0.957,1,1,0,20,20,0,0
861,861,860,862,884,885,0,0,0,0,0,0,0,0,1.006,1,1,0,20,20,0,0
862,862,861,863,885,886,0,0,0,0,0,0,0,0,1.008,1,1,0,20,20,0,0
863,863,862,864,886,887,0,0,0,0,0,0,0,0,0.996,1,1,0,20,20,0,0
864,864,863,865,887,888,0,0,0,0,0,0,0,0,1.003,1,1,0,20,20,0,0
865,865,864,322,888,889,0,0,0,0,0,0,0,0,0.29,1,1,0,20,20,0,0
