PID,B,L,H,Bx,Ly,ReF,MCODE1,MCODE2,MCODE3
1,1.53528,-5.59312,0,1.898,-5.992,0,2,60,70
1,1.53528,-5.59312,0,1.898,-5.992,0,2,60,70
2,1.4348,-4.5624,0,1.73,-4.94,0,2,40,74
2,1.4348,-4.5624,0,1.73,-4.94,0,2,40,74
3,1.3412,-3.5248,0,1.57,-3.88,0,2,20,89
3,1.3412,-3.5248,0,1.57,-3.88,0,2,20,89
4,1.2324,-2.4424,0,1.39,-2.74,0,2,2,60
4,1.2324,-2.4424,0,1.39,-2.74,0,2,2,60
5,1.1236,-1.3224,0,1.21,-1.54,0,1,63,56
5,1.1236,-1.3224,0,1.21,-1.54,0,1,63,56
6,1.0148,0.2624,0,1.03,-0.44,0,1,44,34
6,1.0148,0.2624,0,1.03,-0.44,0,1,44,34
7,0.54,0.3636,0,0.9,0.61,0,1,24,88
7,0.54,0.3636,0,0.9,0.61,0,1,24,88
8,0.4612,1.45,0,0.77,1.75,0,1,16,20
8,0.4612,1.45,0,0.77,1.75,0,1,16,20
9,0.4124,2.54,0,0.69,2.9,0,1,7,21
9,0.4124,2.54,0,0.69,2.9,0,1,7,21
10,0.37336,4.0036,0,0.626,4.01,0,0,70,50
10,0.37336,4.0036,0,0.626,4.01,0,0,70,50
11,0.35528,5.00504,0,0.598,5.014,0,0,70,11
11,0.35528,5.00504,0,0.598,5.014,0,0,70,11
12,0.34192,6.03252,0,0.572,6.057,0,0,60,84
12,0.34192,6.03252,0,0.572,6.057,0,0,60,84
13,0.3412,7.0224,0,0.57,7.04,0,0,60,83
13,0.3412,7.0224,0,0.57,7.04,0,0,60,83
14,0.3524,8.0824,0,0.59,8.14,0,0,71,1
14,0.3524,8.0824,0,0.59,8.14,0,0,71,1
15,0.3636,9.1124,0,0.61,9.19,0,0,71,35
15,0.3636,9.1124,0,0.61,9.19,0,0,71,35
16,0.39288,10.09252,0,0.658,10.157,0,0,71,82
16,0.39288,10.09252,0,0.658,10.157,0,0,71,82
17,0.42,11.0748,0,0.7,11.13,0,1,1,40
17,0.42,11.0748,0,0.7,11.13,0,1,1,40
18,0.44528,12.0748,0,0.748,12.13,0,1,1,90
18,0.44528,12.0748,0,0.748,12.13,0,1,1,90
19,0.4724,13.0448,0,0.79,13.08,0,1,10,46
19,0.4724,13.0448,0,0.79,13.08,0,1,10,46
20,0.49336,14.0112,0,0.826,14.02,0,1,10,91
20,0.49336,14.0112,0,0.826,14.02,0,1,10,91
21,0.51252,14.5812,0,0.857,14.97,0,1,27,27
21,0.51252,14.5812,0,0.857,14.97,0,1,27,27
22,0.54,16.0112,0,0.9,16.02,0,1,20,81
22,0.54,16.0112,0,0.9,16.02,0,1,20,81
23,0.55408,17.03252,0,0.928,17.057,0,1,30,14
23,0.55408,17.03252,0,0.928,17.057,0,1,30,14
24,0.5924,18.0336,0,0.99,18.06,0,1,30,84
24,0.5924,18.0336,0,0.99,18.06,0,1,30,84
25,1.0318,19.0206,0,1.055,19.035,0,1,40,62
25,1.0318,19.0206,0,1.055,19.035,0,1,40,62
26,1.0748,19.56204,0,1.13,19.939,0,1,57,55
26,1.0748,19.56204,0,1.13,19.939,0,1,57,55
27,1.1124,20.48,0,1.19,20.8,0,1,66,24
28,1.1124,20.48,0,1.19,20.8,0,1,66,24
28,1.1124,20.48,0,1.19,20.8,0,1,66,24
29,1.14276,21.43156,0,1.241,21.721,0,1,65,87
29,1.14276,21.43156,0,1.241,21.721,0,1,65,87
30,1.19228,22.38384,0,1.323,22.644,0,1,75,81
30,1.19228,22.38384,0,1.323,22.644,0,1,75,81
31,1.2548,23.31552,0,1.43,23.532,0,2,14,12
31,1.2548,23.31552,0,1.43,23.532,0,2,14,12
32,1.3148,24.28264,0,1.53,24.474,0,2,23,37
32,1.3148,24.28264,0,1.53,24.474,0,2,23,37
33,1.38456,25.28336,0,1.646,25.476,0,2,33,78
33,1.38456,25.28336,0,1.646,25.476,0,2,33,78
34,1.49012,26.3506,0,1.817,26.585,0,2,54,86
34,1.49012,26.3506,0,1.817,26.585,0,2,54,86
35,1.5906,27.41276,0,1.985,27.691,0,2,75,85
35,1.5906,27.41276,0,1.985,27.691,0,2,75,85
36,2.11132,28.39108,0,2.187,28.653,0,3,25,22
36,2.11132,28.39108,0,2.187,28.653,0,3,25,22
37,2.2924,29.4612,0,2.49,29.77,0,3,56,81
37,2.2924,29.4612,0,2.49,29.77,0,3,56,81
38,2.45288,30.49372,0,2.758,30.827,0,4,16,6
38,2.45288,30.49372,0,2.758,30.827,0,4,16,6
39,3.0036,31.4836,0,3.01,31.81,0,4,46,14
39,3.0036,31.4836,0,3.01,31.81,0,4,46,14
40,3.1424,32.4836,0,3.24,32.81,0,4,66,84
40,3.1424,32.4836,0,3.24,32.81,0,4,66,84
41,3.2512,33.48,0,3.42,33.8,0,5,16,3
41,3.2512,33.48,0,3.42,33.8,0,5,16,3
42,3.3336,34.48,0,3.56,34.8,0,5,26,73
42,3.3336,34.48,0,3.56,34.8,0,5,26,73
43,3.3824,35.48,0,3.64,35.8,0,5,36,63
43,3.3824,35.48,0,3.64,35.8,0,5,36,63
44,3.4312,36.4724,0,3.72,36.79,0,5,46,63
44,3.4312,36.4724,0,3.72,36.79,0,5,46,63
45,3.4836,37.4724,0,3.81,37.79,0,5,56,73
45,3.4836,37.4724,0,3.81,37.79,0,5,56,73
46,3.5324,38.4724,0,3.89,38.79,0,5,66,63
46,3.5324,38.4724,0,3.89,38.79,0,5,66,63
47,4.0112,39.4648,0,4.02,39.78,0,6,6,22
47,4.0112,39.4648,0,4.02,39.78,0,6,6,22
48,4.0636,40.4648,0,4.11,40.78,0,6,16,32
48,4.0636,40.4648,0,4.11,40.78,0,6,16,32
49,4.1424,41.4648,0,4.24,41.78,0,6,26,82
49,4.1424,41.4648,0,4.24,41.78,0,6,26,82
50,4.1912,42.4612,0,4.32,42.77,0,6,36,81
50,4.1912,42.4612,0,4.32,42.77,0,6,36,81
51,4.27,43.4612,0,4.45,43.77,0,6,56,41
51,4.27,43.4612,0,4.45,43.77,0,6,56,41
52,4.3524,44.4612,0,4.59,44.77,0,6,76,1
52,4.3524,44.4612,0,4.59,44.77,0,6,76,1
53,4.4312,45.4536,0,4.72,45.76,0,7,6,60
53,4.4312,45.4536,0,4.72,45.76,0,7,6,60
54,0,0,0,4.8,46.76,0,0,0,0
54,0,0,0,4.8,46.76,0,0,0,0
55,0,0,0,4.89,47.76,0,0,0,0
55,0,0,0,4.89,47.76,0,0,0,0
56,0,0,0,4.95,48.46,0,0,0,0
57,0,0,0,4.95,48.46,0,0,0,0
57,0,0,0,4.95,48.46,0,0,0,0
58,0,0,0,5.03,49.45,0,0,0,0
58,0,0,0,5.03,49.45,0,0,0,0
59,0,0,0,5.11,50.45,0,0,0,0
59,0,0,0,5.11,50.45,0,0,0,0
60,0,0,0,5.19,51.45,0,0,0,0
60,0,0,0,5.19,51.45,0,0,0,0
61,0,0,0,5.27,52.44,0,0,0,0
61,0,0,0,5.27,52.44,0,0,0,0
62,0,0,0,5.35,53.44,0,0,0,0
62,0,0,0,5.35,53.44,0,0,0,0
63,0,0,0,5.43,54.44,0,0,0,0
63,0,0,0,5.43,54.44,0,0,0,0
64,0,0,0,5.51,55.43,0,0,0,0
64,0,0,0,5.51,55.43,0,0,0,0
65,0,0,0,5.6,56.43,0,0,0,0
65,0,0,0,5.6,56.43,0,0,0,0
66,0,0,0,5.68,57.43,0,0,0,0
66,0,0,0,5.68,57.43,0,0,0,0
67,0,0,0,5.76,58.42,0,0,0,0
67,0,0,0,5.76,58.42,0,0,0,0
68,0,0,0,5.84,59.42,0,0,0,0
68,0,0,0,5.84,59.42,0,0,0,0
69,0,0,0,5.92,60.42,0,0,0,0
69,0,0,0,5.92,60.42,0,0,0,0
70,0,0,0,6,61.41,0,0,0,0
70,0,0,0,6,61.41,0,0,0,0
71,0,0,0,6.08,62.41,0,0,0,0
71,0,0,0,6.08,62.41,0,0,0,0
72,0,0,0,6.16,63.41,0,0,0,0
72,0,0,0,6.16,63.41,0,0,0,0
73,0,0,0,6.25,64.4,0,0,0,0
73,0,0,0,6.25,64.4,0,0,0,0
74,0,0,0,6.33,65.4,0,0,0,0
74,0,0,0,6.33,65.4,0,0,0,0
75,0,0,0,6.41,66.4,0,0,0,0
75,0,0,0,6.41,66.4,0,0,0,0
76,0,0,0,6.49,67.39,0,0,0,0
76,0,0,0,6.49,67.39,0,0,0,0
77,0,0,0,6.57,68.39,0,0,0,0
77,0,0,0,6.57,68.39,0,0,0,0
78,0,0,0,6.65,69.39,0,0,0,0
78,0,0,0,6.65,69.39,0,0,0,0
79,0,0,0,6.73,70.38,0,0,0,0
79,0,0,0,6.73,70.38,0,0,0,0
80,0,0,0,6.81,71.38,0,0,0,0
80,0,0,0,6.81,71.38,0,0,0,0
81,0,0,0,6.89,72.38,0,0,0,0
81,0,0,0,6.89,72.38,0,0,0,0
82,0,0,0,6.98,73.37,0,0,0,0
82,0,0,0,6.98,73.37,0,0,0,0
83,0,0,0,7.06,74.37,0,0,0,0
83,0,0,0,7.06,74.37,0,0,0,0
84,0,0,0,7.14,75.37,0,0,0,0
84,0,0,0,7.14,75.37,0,0,0,0
85,0,0,0,7.22,76.36,0,0,0,0
85,0,0,0,7.22,76.36,0,0,0,0
86,0,0,0,7.3,77.36,0,0,0,0
86,0,0,0,7.3,77.36,0,0,0,0
87,0,0,0,7.3,77.41,0,0,0,0
88,0,0,0,7.3,77.41,0,0,0,0
88,0,0,0,7.3,77.41,0,0,0,0
89,0,0,0,7.38,78.4,0,0,0,0
89,0,0,0,7.38,78.4,0,0,0,0
90,0,0,0,7.45,79.4,0,0,0,0
90,0,0,0,7.45,79.4,0,0,0,0
91,0,0,0,7.53,80.4,0,0,0,0
91,0,0,0,7.53,80.4,0,0,0,0
92,0,0,0,7.6,81.39,0,0,0,0
92,0,0,0,7.6,81.39,0,0,0,0
93,0,0,0,7.67,82.39,0,0,0,0
93,0,0,0,7.67,82.39,0,0,0,0
94,0,0,0,7.75,83.39,0,0,0,0
94,0,0,0,7.75,83.39,0,0,0,0
95,0,0,0,7.82,84.39,0,0,0,0
95,0,0,0,7.82,84.39,0,0,0,0
96,0,0,0,7.89,85.38,0,0,0,0
96,0,0,0,7.89,85.38,0,0,0,0
97,0,0,0,7.97,86.38,0,0,0,0
97,0,0,0,7.97,86.38,0,0,0,0
98,0,0,0,8.04,87.38,0,0,0,0
98,0,0,0,8.04,87.38,0,0,0,0
99,0,0,0,8.12,88.38,0,0,0,0
99,0,0,0,8.12,88.38,0,0,0,0
100,0,0,0,8.19,89.37,0,0,0,0
100,0,0,0,8.19,89.37,0,0,0,0
101,0,0,0,8.26,90.37,0,0,0,0
101,0,0,0,8.26,90.37,0,0,0,0
102,0,0,0,8.34,91.37,0,0,0,0
102,0,0,0,8.34,91.37,0,0,0,0
103,8.2436,91.5736,0,8.41,91.96,0,12,47,96
103,8.2436,91.5736,0,8.41,91.96,0,12,47,96
104,8.2848,92.5736,0,8.48,92.96,0,12,57,76
104,8.2848,92.5736,0,8.48,92.96,0,12,57,76
105,8.3336,93.5736,0,8.56,93.96,0,12,67,76
105,8.3336,93.5736,0,8.56,93.96,0,12,67,76
106,8.3448,94.2436,0,8.58,94.41,0,12,63,92
106,8.3448,94.2436,0,8.58,94.41,0,12,63,92
107,8.36,95.06,0,8.6,95.1,0,12,70,27
107,8.36,95.06,0,8.6,95.1,0,12,70,27
108,8.3748,0,0,8.63,96.1,0,12,70,58
108,8.3748,0,0,8.63,96.1,0,12,70,58
109,8.39,97.06,0,8.65,97.1,0,12,70,87
109,8.39,97.06,0,8.65,97.1,0,12,70,87
110,8.3748,98,0,8.63,98,0,12,70,50
110,8.3748,98,0,8.63,98,0,12,70,50
111,8.36,98.4724,0,8.6,98.79,0,12,76,23
111,8.36,98.4724,0,8.6,98.79,0,12,76,23
112,8.3412,99.4648,0,8.57,99.78,0,12,66,82
113,8.3412,99.4648,0,8.57,99.78,0,12,66,82
113,8.3412,99.4648,0,8.57,99.78,0,12,66,82
114,8.3148,100.4348,0,8.53,100.73,0,1200,65,38
114,8.3148,100.4348,0,8.53,100.73,0,1200,65,38
115,8.24,101.3748,0,8.4,101.63,0,1201,45,80
115,8.24,101.3748,0,8.4,101.63,0,1201,45,80
116,8.1312,102.3148,0,8.22,102.53,0,1202,24,62
116,8.1312,102.3148,0,8.22,102.53,0,1202,24,62
117,7.5512,103.2512,0,7.92,103.42,0,1103,73,3
117,7.5512,103.2512,0,7.92,103.42,0,1103,73,3
118,7.3224,104.0524,0,7.54,104.09,0,1104,20,47
118,7.3224,104.0524,0,7.54,104.09,0,1104,20,47
119,7.0712,104.5024,0,7.12,104.84,0,1004,56,47
119,7.0712,104.5024,0,7.12,104.84,0,1004,56,47
120,6.3524,105.2324,0,6.59,105.39,0,905,73,1
120,6.3524,105.2324,0,6.59,105.39,0,905,73,1
121,5.57,105.5848,0,5.95,105.98,0,805,77,48
121,5.57,105.5848,0,5.95,105.98,0,805,77,48
122,5.0748,106.4012,0,5.13,106.67,0,706,55,53
122,5.0748,106.4012,0,5.13,106.67,0,706,55,53
123,4.21,0,0,4.35,107.25,0,607,42,20
123,4.21,0,0,4.35,107.25,0,607,42,20
124,3.3112,107.4648,0,3.52,107.78,0,507,26,22
124,3.3112,107.4648,0,3.52,107.78,0,507,26,22
125,2.3748,108.1948,0,2.63,108.33,0,308,72,56
125,2.3748,108.1948,0,2.63,108.33,0,308,72,56
126,1.4236,108.45,0,1.71,108.75,0,208,46,50
126,1.4236,108.45,0,1.71,108.75,0,208,46,50
127,0.4912,109.0448,0,0.82,109.08,0,109,10,86
127,0.4912,109.0448,0,0.82,109.08,0,109,10,86
128,0.0448,109.20024,0,-0.08,109.334,0,-109,72,6
128,0.0448,109.20024,0,-0.08,109.334,0,-109,72,6
129,0.5848,109.3524,0,-0.98,109.59,0,-209,44,27
129,0.5848,109.3524,0,-0.98,109.59,0,-209,44,27
130,-1.5548,109.4612,0,-1.93,109.77,0,-309,6,81
130,-1.5548,109.4612,0,-1.93,109.77,0,-309,6,81
131,-2.4312,109.57,0,-2.72,109.95,0,-509,77,36
131,-2.4312,109.57,0,-2.72,109.95,0,-509,77,36
132,-3.4236,110.0636,0,-3.71,110.11,0,-610,30,48
132,-3.4236,110.0636,0,-3.71,110.11,0,-610,30,48
133,0,110.15,0,-4.6,110.25,0,-710,2,70
133,0,110.15,0,-4.6,110.25,0,-710,2,70
134,-5.2924,110.20096,0,-5.49,110.336,0,-910,62,16
134,-5.2924,110.20096,0,-5.49,110.336,0,-910,62,16
135,-6.1648,110.25336,0,-6.28,110.426,0,-1010,43,64
135,-6.1648,110.25336,0,-6.28,110.426,0,-1010,43,64
136,-7.0036,110.2848,0,-7.01,110.48,0,-1110,33,88
137,-7.0036,110.2848,0,-7.01,110.48,0,-1110,33,88
137,-7.0036,110.2848,0,-7.01,110.48,0,-1110,33,88
138,-7.5024,110.32024,0,-7.84,110.534,0,-1210,14,92
138,-7.5024,110.32024,0,-7.84,110.534,0,-1210,14,92
139,-8.4012,110.33072,0,-8.67,110.552,0,-1410,74,94
139,-8.4012,110.33072,0,-8.67,110.552,0,-1410,74,94
140,-9.2436,110.3506,0,-9.41,110.585,0,-1510,74,6
140,-9.2436,110.3506,0,-9.41,110.585,0,-1510,74,6
141,-10.12,110.37012,0,-10.2,110.617,0,-1610,54,69
141,-10.12,110.37012,0,-10.2,110.617,0,-1610,54,69
142,-11.03,110.3712,0,-11.05,110.62,0,-1710,34,49
142,-11.03,110.3712,0,-11.05,110.62,0,-1710,34,49
143,-11.5624,110.37012,0,-11.94,110.617,0,-1810,4,79
143,-11.5624,110.37012,0,-11.94,110.617,0,-1810,4,79
144,-12.5324,110.3636,0,-12.89,110.61,0,-2010,54,38
144,-12.5324,110.3636,0,-12.89,110.61,0,-2010,54,38
145,-13.5024,110.3636,0,-13.84,110.61,0,-2110,14,98
145,-13.5024,110.3636,0,-13.84,110.61,0,-2110,14,98
146,-14.5324,110.3636,0,-14.89,110.61,0,-2310,54,38
146,-14.5324,110.3636,0,-14.89,110.61,0,-2310,54,38
147,-16.0524,110.3524,0,-16.09,110.59,0,-2510,64,97
147,-16.0524,110.3524,0,-16.09,110.59,0,-2510,64,97
148,-17.1124,110.3448,0,-17.19,110.58,0,-2610,14,76
148,-17.1124,110.3448,0,-17.19,110.58,0,-2610,14,76
149,-18.1424,110.3636,0,-18.24,110.61,0,-2810,54,18
149,-18.1424,110.3636,0,-18.24,110.61,0,-2810,54,18
150,-19.1424,110.4012,0,-19.24,110.67,0,-2910,15,13
150,-19.1424,110.4012,0,-19.24,110.67,0,-2910,15,13
151,-20.1612,110.4124,0,-20.27,110.69,0,-3110,45,75
152,-62.1612,112.3712,0,-62.27,112.62,0,-9412,44,79
152,-62.1612,112.3712,0,-62.27,112.62,0,-9412,44,79
153,-63.1612,112.39,0,-63.27,112.65,0,-9512,5,72
153,-63.1612,112.39,0,-63.27,112.65,0,-9512,5,72
154,-64.1536,112.4312,0,-64.26,112.72,0,-9712,45,87
154,-64.1536,112.4312,0,-64.26,112.72,0,-9712,45,87
155,-65.1536,112.4724,0,-65.26,112.79,0,-9812,6,83
155,-65.1536,112.4724,0,-65.26,112.79,0,-9812,6,83
156,-66.1536,112.5212,0,-66.26,112.87,0,-10012,46,89
156,-66.1536,112.5212,0,-66.26,112.87,0,-10012,46,89
157,-67.1536,112.5624,0,-67.26,112.94,0,-10112,7,85
157,-67.1536,112.5624,0,-67.26,112.94,0,-10112,7,85
158,-68.15,113.0112,0,-68.25,113.02,0,-10313,50,1
158,-68.15,113.0112,0,-68.25,113.02,0,-10313,50,1
159,-69.15,113.0524,0,-69.25,113.09,0,-10413,10,7
159,-69.15,113.0524,0,-69.25,113.09,0,-10413,10,7
160,-70.15,113.1012,0,-70.25,113.17,0,-10613,51,3
160,-70.15,113.1012,0,-70.25,113.17,0,-10613,51,3
161,-71.15,113.1424,0,-71.25,113.24,0,-10713,11,9
161,-71.15,113.1424,0,-71.25,113.24,0,-10713,11,9
162,-72.1424,113.1836,0,-72.24,113.31,0,-10913,52,14
162,-72.1424,113.1836,0,-72.24,113.31,0,-10913,52,14
163,-73.1424,113.2324,0,-73.24,113.39,0,-11013,13,11
163,-73.1424,113.2324,0,-73.24,113.39,0,-11013,13,11
164,-74.1424,113.2736,0,-74.24,113.46,0,-11213,53,16
164,-74.1424,113.2736,0,-74.24,113.46,0,-11213,53,16
165,-75.1348,113.3224,0,-75.23,113.54,0,-11313,14,23
165,-75.1348,113.3224,0,-75.23,113.54,0,-11313,14,23
166,-76.1348,113.3636,0,-76.23,113.61,0,-11513,54,28
166,-76.1348,113.3636,0,-76.23,113.61,0,-11513,54,28
167,-77.1348,113.4048,0,-77.23,113.68,0,-11613,15,24
167,-77.1348,113.4048,0,-77.23,113.68,0,-11613,15,24
168,-78.1348,113.4536,0,-78.23,113.76,0,-11813,56,20
168,-78.1348,113.4536,0,-78.23,113.76,0,-11813,56,20
169,-79.1312,113.4948,0,-79.22,113.83,0,-11913,16,36
169,-79.1312,113.4948,0,-79.22,113.83,0,-11913,16,36
170,-80.1312,113.5436,0,-80.22,113.91,0,-12113,57,32
170,-80.1312,113.5436,0,-80.22,113.91,0,-12113,57,32
171,-81.1312,113.5848,0,-81.22,113.98,0,-12213,17,38
171,-81.1312,113.5848,0,-81.22,113.98,0,-12213,17,38
172,-82.1236,114.0036,0,-82.21,114.01,0,-12414,50,40
172,-82.1236,114.0036,0,-82.21,114.01,0,-12414,50,40
173,-83.1236,114.0148,0,-83.21,114.03,0,-12514,10,42
173,-83.1236,114.0148,0,-83.21,114.03,0,-12514,10,42
174,-84.1236,0,0,-84.21,114.05,0,-12714,50,44
174,-84.1236,0,0,-84.21,114.05,0,-12714,50,44
175,-85.0636,114.0148,0,-85.11,114.03,0,-12814,20,62
175,-85.0636,114.0148,0,-85.11,114.03,0,-12814,20,62
176,-86.03,114,0,-86.05,114,0,-13014,70,40
176,-86.03,114,0,-86.05,114,0,-13014,70,40
177,-87,113.5548,0,-87,113.93,0,-13113,47,4
177,-87,113.5548,0,-87,113.93,0,-13113,47,4
178,-87.54,113.54,0,-87.9,113.9,0,-13213,17,22
178,-87.54,113.54,0,-87.9,113.9,0,-13213,17,22
179,-88.51,113.4912,0,-88.85,113.82,0,-13413,56,85
179,-88.51,113.4912,0,-88.85,113.82,0,-13413,56,85
180,-89.4724,113.42,0,-89.79,113.7,0,-13513,25,56
180,-89.4724,113.42,0,-89.79,113.7,0,-13513,25,56
181,-90.4424,113.3412,0,-90.74,113.57,0,-13713,74,15
181,-90.4424,113.3412,0,-90.74,113.57,0,-13713,74,15
182,-91.4124,113.24,0,-91.69,113.4,0,-13813,33,72
182,-91.4124,113.24,0,-91.69,113.4,0,-13813,33,72
183,-92.4048,113.1312,0,-92.68,113.22,0,-14013,71,87
183,-92.4048,113.1312,0,-92.68,113.22,0,-14013,71,87
184,-93.4348,113.03,0,-93.73,113.05,0,-14113,30,23
184,-93.4348,113.03,0,-93.73,113.05,0,-14113,30,23
185,-94.4648,112.5212,0,-94.78,112.87,0,-14312,66,69
185,-94.4648,112.5212,0,-94.78,112.87,0,-14312,66,69
186,-95.4948,112.4424,0,-95.83,112.74,0,-14412,25,9
186,-95.4948,112.4424,0,-95.83,112.74,0,-14412,25,9
187,-96.5212,112.4012,0,-96.87,112.67,0,-14612,55,53
187,-96.5212,112.4012,0,-96.87,112.67,0,-14612,55,53
188,-97.5812,112.3524,0,-97.97,112.59,0,-14712,4,37
188,-97.5812,112.3524,0,-97.97,112.59,0,-14712,4,37
189,-99.0412,112.3412,0,-99.07,112.57,0,-14912,34,15
189,-99.0412,112.3412,0,-99.07,112.57,0,-14912,34,15
190,-100.0412,112.3524,0,-100.07,112.59,0,-15112,74,17
190,-100.0412,112.3524,0,-100.07,112.59,0,-15112,74,17
191,-101.0336,112.3636,0,-101.06,112.61,0,-15212,34,28
191,-101.0336,112.3636,0,-101.06,112.61,0,-15212,34,28
192,-102.0336,112.39108,0,-102.06,112.653,0,-15412,75,22
192,-102.0336,112.39108,0,-102.06,112.653,0,-15412,75,22
193,-103.0148,112.3936,0,-103.03,112.66,0,-15512,35,62
193,-103.0148,112.3936,0,-103.03,112.66,0,-15512,35,62
194,-104.05204,112.44204,0,-104.089,112.739,0,-15712,65,99
194,-104.05204,112.44204,0,-104.089,112.739,0,-15712,65,99
195,-105.02564,112.49444,0,-105.049,112.829,0,-15812,36,46
195,-105.02564,112.49444,0,-105.049,112.829,0,-15812,36,46
196,-106.03324,112.54324,0,-106.059,112.909,0,-16012,77,22
196,-106.03324,112.54324,0,-106.059,112.909,0,-16012,77,22
197,-107.05456,112.59204,0,-107.096,112.989,0,-16112,27,89
198,-107.05096,112.58084,0,-107.086,112.969,0,-16112,27,97
198,-107.05096,112.58084,0,-107.086,112.969,0,-16112,27,97
199,-108.06,113.0336,0,-108.1,113.06,0,-16313,60,84
199,-108.06,113.0336,0,-108.1,113.06,0,-16313,60,84
200,-109.06,113.0748,0,-109.1,113.13,0,-16413,21,80
200,-109.06,113.0748,0,-109.1,113.13,0,-16413,21,80
201,-110.06,113.12,0,-110.1,113.2,0,-16613,61,86
201,-110.06,113.12,0,-110.1,113.2,0,-16613,61,86
202,-111.0524,113.1648,0,-111.09,113.28,0,-16713,22,92
202,-111.0524,113.1648,0,-111.09,113.28,0,-16713,22,92
203,-112.0524,113.18,0,-112.09,113.3,0,-16913,62,93
203,-112.0524,113.18,0,-112.09,113.3,0,-16913,62,93
204,-113.0224,113.2212,0,-113.04,113.37,0,-17013,32,59
204,-113.0224,113.2212,0,-113.04,113.37,0,-17013,32,59
205,-113.59348,113.28192,0,-113.993,113.472,0,-17113,3,7
205,-113.59348,113.28192,0,-113.993,113.472,0,-17113,3,7
206,-114.5136,113.32528,0,-114.86,113.548,0,-17313,54,63
206,-114.5136,113.32528,0,-114.86,113.548,0,-17313,54,63
207,-115.4948,113.3824,0,-115.83,113.64,0,-17413,25,1
207,-115.4948,113.3824,0,-115.83,113.64,0,-17413,25,1
208,-116.4948,113.4236,0,-116.83,113.71,0,-17613,65,6
208,-116.4948,113.4236,0,-116.83,113.71,0,-17613,65,6
209,-117.4612,113.4648,0,-117.77,113.78,0,-17713,26,72
209,-117.4612,113.4648,0,-117.77,113.78,0,-17713,26,72
210,-118.4912,113.51,0,-118.82,113.85,0,-17913,66,17
210,-118.4912,113.51,0,-118.82,113.85,0,-17913,66,17
211,-119.4612,113.5548,0,-119.77,113.93,0,-18013,27,74
211,-119.4612,113.5548,0,-119.77,113.93,0,-18013,27,74
212,-120.5212,114,0,-120.87,114,0,-18214,50,50
212,-120.5212,114,0,-120.87,114,0,-18214,50,50
213,-121.5436,114.0412,0,-121.91,114.07,0,-18314,10,5
213,-121.5436,114.0412,0,-121.91,114.07,0,-18314,10,5
214,-122.5736,114.0824,0,-122.96,114.14,0,-18514,41,41
214,-122.5736,114.0824,0,-122.96,114.14,0,-18514,41,41
215,-124.07516,114.12288,0,-124.131,114.208,0,-18714,61,46
215,-124.07516,114.12288,0,-124.131,114.208,0,-18714,61,46
216,-125.08168,114.16336,0,-125.138,114.276,0,-18814,22,32
216,-125.08168,114.16336,0,-125.138,114.276,0,-18814,22,32
217,-125.5342,114.21288,0,-125.895,114.358,0,-18914,12,28
217,-125.5342,114.21288,0,-125.895,114.358,0,-18914,12,28
218,-127.00576,114.28192,0,-127.016,114.472,0,-19114,33,87
218,-127.00576,114.28192,0,-127.016,114.472,0,-19114,33,87
219,-127.5924,114.36468,0,-127.99,114.613,0,-19214,4,19
219,-127.5924,114.36468,0,-127.99,114.613,0,-19214,4,19
220,-128.52552,114.45144,0,-128.882,114.754,0,-19414,56,40
220,-128.52552,114.45144,0,-128.882,114.754,0,-19414,56,40
221,-129.44024,114.58084,0,-129.734,114.969,0,-19514,37,17
221,-129.44024,114.58084,0,-129.734,114.969,0,-19514,37,17
222,-130.3524,115.1312,0,-130.59,115.22,0,-19615,1,97
222,-130.3524,115.1312,0,-130.59,115.22,0,-19615,1,97
223,-131.3224,115.2924,0,-131.54,115.49,0,-19815,53,59
223,-131.3224,115.2924,0,-131.54,115.49,0,-19815,53,59
224,-132.2924,115.4612,0,-132.49,115.77,0,-19915,26,11
224,-132.2924,115.4612,0,-132.49,115.77,0,-19915,26,11
225,-133.2248,115.5924,0,-133.38,115.99,0,-20115,77,49
225,-133.2248,115.5924,0,-133.38,115.99,0,-20115,77,49
226,-134.2212,116.1048,0,-134.37,116.18,0,-20216,31,54
227,-134.2212,116.1048,0,-134.37,116.18,0,-20216,31,54
227,-134.2212,116.1048,0,-134.37,116.18,0,-20216,31,54
228,-135.2212,116.2136,0,-135.37,116.36,0,-20416,72,58
228,-135.2212,116.2136,0,-135.37,116.36,0,-20416,72,58
229,-136.2136,116.2924,0,-136.36,116.49,0,-20516,33,69
229,-136.2136,116.2924,0,-136.36,116.49,0,-20516,33,69
230,-137.3036,116.4012,0,-137.51,116.67,0,-20716,55,83
230,-137.3036,116.4012,0,-137.51,116.67,0,-20716,55,83
231,-138.2136,116.4724,0,-138.36,116.79,0,-20816,36,63
231,-138.2136,116.4724,0,-138.36,116.79,0,-20816,36,63
232,0,116.5212,0,-139.35,116.87,0,-21016,76,79
232,0,116.5212,0,-139.35,116.87,0,-21016,76,79
233,-140.21,117,0,-140.35,117,0,-21117,30,80
233,-140.21,117,0,-140.35,117,0,-21117,30,80
234,-141.21,117.0748,0,-141.35,117.13,0,-21317,71,80
234,-141.21,117.0748,0,-141.35,117.13,0,-21317,71,80
235,-142.2024,117.1536,0,-142.34,117.26,0,-21417,32,90
235,-142.2024,117.1536,0,-142.34,117.26,0,-21417,32,90
236,-143.2024,117.2024,0,-143.34,117.34,0,-21617,72,97
236,-143.2024,117.2024,0,-143.34,117.34,0,-21617,72,97
237,-144.2024,117.2512,0,-144.34,117.42,0,-21717,33,93
237,-144.2024,117.2512,0,-144.34,117.42,0,-21717,33,93
238,-145.2024,117.2924,0,-145.34,117.49,0,-21917,73,99
238,-145.2024,117.2924,0,-145.34,117.49,0,-21917,73,99
239,-146.1948,117.3412,0,-146.33,117.57,0,-22017,44,5
239,-146.1948,117.3412,0,-146.33,117.57,0,-22017,44,5
240,-147.1948,117.39,0,-147.33,117.65,0,-22117,5,2
240,-147.1948,117.39,0,-147.33,117.65,0,-22117,5,2
241,-148.1948,117.4348,0,-148.33,117.73,0,-22317,45,8
241,-148.1948,117.4348,0,-148.33,117.73,0,-22317,45,8
242,-149.1912,117.4836,0,-149.32,117.81,0,-22417,6,14
242,-149.1912,117.4836,0,-149.32,117.81,0,-22417,6,14
243,-150.1912,117.5324,0,-150.32,117.89,0,-22617,47,11
243,-150.1912,117.5324,0,-150.32,117.89,0,-22617,47,11
244,-150.4948,117.5548,0,-150.83,117.93,0,-22717,67,4
245,-150.4948,117.5548,0,-150.83,117.93,0,-22717,67,4
245,-150.4948,117.5548,0,-150.83,117.93,0,-22717,67,4
246,-151.4948,117.5924,0,-151.83,117.99,0,-22817,27,9
246,-151.4948,117.5924,0,-151.83,117.99,0,-22817,27,9
247,-152.4948,118.0336,0,-152.83,118.06,0,-23018,60,4
247,-152.4948,118.0336,0,-152.83,118.06,0,-23018,60,4
248,-153.4912,118.0748,0,-153.82,118.13,0,-23118,21,10
248,-153.4912,118.0748,0,-153.82,118.13,0,-23118,21,10
249,-154.4912,118.12,0,-154.82,118.2,0,-23318,61,16
249,-154.4912,118.12,0,-154.82,118.2,0,-23318,61,16
250,-155.4912,118.1536,0,-155.82,118.26,0,-23418,22,10
250,-155.4912,118.1536,0,-155.82,118.26,0,-23418,22,10
251,-156.4912,118.1948,0,-156.82,118.33,0,-23618,62,16
251,-156.4912,118.1948,0,-156.82,118.33,0,-23618,62,16
252,-157.4836,0,0,-157.81,118.4,0,-23718,23,22
252,-157.4836,0,0,-157.81,118.4,0,-23718,23,22
253,-158.4836,118.2736,0,-158.81,118.46,0,-23918,63,26
253,-158.4836,118.2736,0,-158.81,118.46,0,-23918,63,26
254,-159.4836,118.2848,0,-159.81,118.48,0,-24018,23,28
254,-159.4836,118.2848,0,-159.81,118.48,0,-24018,23,28
255,-160.4836,0,0,-160.81,118.5,0,-24218,64,20
255,-160.4836,0,0,-160.81,118.5,0,-24218,64,20
256,-161.48,118.3336,0,-161.8,118.56,0,-24318,24,44
256,-161.48,118.3336,0,-161.8,118.56,0,-24318,24,44
257,0,118.3748,0,-162.8,118.63,0,-24518,65,30
257,0,118.3748,0,-162.8,118.63,0,-24518,65,30
258,-163.48,118.416,0,-163.8,118.7,0,-24618,25,45
258,-163.48,118.416,0,-163.8,118.7,0,-24618,25,45
259,-164.48,118.4536,0,-164.8,118.76,0,-24818,66,40
259,-164.48,118.4536,0,-164.8,118.76,0,-24818,66,40
260,-165.48,118.4948,0,-165.8,118.83,0,-24918,26,46
260,-165.48,118.4948,0,-165.8,118.83,0,-24918,26,46
261,-166.4724,118.54,0,-166.79,118.9,0,-25118,67,52
261,-166.4724,118.54,0,-166.79,118.9,0,-25118,67,52
262,-167.4724,118.5812,0,-167.79,118.97,0,-25218,27,57
262,-167.4724,118.5812,0,-167.79,118.97,0,-25218,27,57
263,-168.4724,119.0148,0,-168.79,119.03,0,-25419,60,52
263,-168.4724,119.0148,0,-168.79,119.03,0,-25419,60,52
264,-169.4724,119.06,0,-169.79,119.1,0,-25519,20,57
264,-169.4724,119.06,0,-169.79,119.1,0,-25519,20,57
265,-170.4648,119.1012,0,-170.78,119.17,0,-25719,61,63
265,-170.4648,119.1012,0,-170.78,119.17,0,-25719,61,63
266,-171.4648,119.1348,0,-171.78,119.23,0,-25819,21,68
266,-171.4648,119.1348,0,-171.78,119.23,0,-25819,21,68
267,-172.4648,0,0,-172.78,119.3,0,-26019,62,64
267,-172.4648,0,0,-172.78,119.3,0,-26019,62,64
268,-173.4648,119.2212,0,-173.78,119.37,0,-26119,22,69
268,-173.4648,119.2212,0,-173.78,119.37,0,-26119,22,69
269,-174.4648,119.2548,0,-174.78,119.43,0,-26319,63,64
269,-174.4648,119.2548,0,-174.78,119.43,0,-26319,63,64
270,-175.4612,119.3,0,-175.77,119.5,0,-26419,24,70
270,-175.4612,119.3,0,-175.77,119.5,0,-26419,24,70
271,-176.4612,119.3412,0,-176.77,119.57,0,-26619,64,75
271,-176.4612,119.3412,0,-176.77,119.57,0,-26619,64,75
272,-177.4612,119.3448,0,-177.77,119.58,0,-26719,24,76
272,-177.4612,119.3448,0,-177.77,119.58,0,-26719,24,76
273,-178.4612,119.39,0,-178.77,119.65,0,-26919,65,72
273,-178.4612,119.39,0,-178.77,119.65,0,-26919,65,72
274,-179.4536,119.4312,0,-179.76,119.72,0,-27019,25,87
274,-179.4536,119.4312,0,-179.76,119.72,0,-27019,25,87
275,-180.4536,119.4648,0,-180.76,119.78,0,-27219,66,82
275,-180.4536,119.4648,0,-180.76,119.78,0,-27219,66,82
276,-181.4536,119.51,0,-181.76,119.85,0,-27319,26,87
276,-181.4536,119.51,0,-181.76,119.85,0,-27319,26,87
277,-182.4536,119.5512,0,-182.76,119.92,0,-27519,67,83
277,-182.4536,119.5512,0,-182.76,119.92,0,-27519,67,83
278,-183.4536,119.5924,0,-183.76,119.99,0,-27619,27,89
278,-183.4536,119.5924,0,-183.76,119.99,0,-27619,27,89
279,-184.45,120.026,0,-184.75,120.05,0,-27820,70,3
279,-184.45,120.026,0,-184.75,120.05,0,-27820,70,3
280,-185.45,120.0712,0,-185.75,120.12,0,-27920,30,9
280,-185.45,120.0712,0,-185.75,120.12,0,-27920,30,9
281,-186.45,120.1124,0,-186.75,120.19,0,-28120,71,5
281,-186.45,120.1124,0,-186.75,120.19,0,-28120,71,5
282,-187.45,120.15,0,-187.75,120.25,0,-28220,32,0
282,-187.45,120.15,0,-187.75,120.25,0,-28220,32,0
283,-188.4424,120.1912,0,-188.74,120.32,0,-28420,72,15
283,-188.4424,120.1912,0,-188.74,120.32,0,-28420,72,15
284,-189.4424,120.2324,0,-189.74,120.39,0,-28520,33,11
284,-189.4424,120.2324,0,-189.74,120.39,0,-28520,33,11
285,-190.4424,0,0,-190.74,120.45,0,-28720,73,16
285,-190.4424,0,0,-190.74,120.45,0,-28720,73,16
286,-191.4424,120.3112,0,-191.74,120.52,0,-28820,34,11
286,-191.4424,120.3112,0,-191.74,120.52,0,-28820,34,11
287,-192.4424,120.3524,0,-192.74,120.59,0,-29020,74,17
287,-192.4424,120.3524,0,-192.74,120.59,0,-29020,74,17
288,-193.4348,120.39,0,-193.73,120.65,0,-29120,35,22
288,-193.4348,120.39,0,-193.73,120.65,0,-29120,35,22
289,-194.4348,120.4312,0,-194.73,120.72,0,-29320,75,27
289,-194.4348,120.4312,0,-194.73,120.72,0,-29320,75,27
290,-195.4348,120.4724,0,-195.73,120.79,0,-29420,36,23
290,-195.4348,120.4724,0,-195.73,120.79,0,-29420,36,23
291,-196.4348,120.51,0,-196.73,120.85,0,-29620,76,27
291,-196.4348,120.51,0,-196.73,120.85,0,-29620,76,27
292,-197.4312,120.5512,0,-197.72,120.92,0,-29720,37,33
292,-197.4312,120.5512,0,-197.72,120.92,0,-29720,37,33
293,-198.4312,120.5924,0,-198.72,120.99,0,-29920,77,39
293,-198.4312,120.5924,0,-198.72,120.99,0,-29920,77,39
294,-199.4312,121.0336,0,-199.72,121.06,0,-30021,30,34
294,-199.4312,121.0336,0,-199.72,121.06,0,-30021,30,34
295,-200.4312,121.0712,0,-200.72,121.12,0,-30221,70,39
295,-200.4312,121.0712,0,-200.72,121.12,0,-30221,70,39
296,-201.4312,121.1124,0,-201.72,121.19,0,-30321,31,35
296,-201.4312,121.1124,0,-201.72,121.19,0,-30321,31,35
297,-202.4236,121.1536,0,-202.71,121.26,0,-30521,72,40
297,-202.4236,121.1536,0,-202.71,121.26,0,-30521,72,40
298,-203.4236,121.1912,0,-203.71,121.32,0,-30621,32,45
298,-203.4236,121.1912,0,-203.71,121.32,0,-30621,32,45
299,-204.4236,121.2324,0,-204.71,121.39,0,-30821,73,41
299,-204.4236,121.2324,0,-204.71,121.39,0,-30821,73,41
300,-205.4236,121.2736,0,-205.71,121.46,0,-30921,33,46
300,-205.4236,121.2736,0,-205.71,121.46,0,-30921,33,46
301,-206.42,121.3112,0,-206.7,121.52,0,-31121,74,61
301,-206.42,121.3112,0,-206.7,121.52,0,-31121,74,61
302,-207.42,121.3524,0,-207.7,121.59,0,-31221,34,67
302,-207.42,121.3524,0,-207.7,121.59,0,-31221,34,67
303,-208.42,121.3936,0,-208.7,121.66,0,-31421,75,62
303,-208.42,121.3936,0,-208.7,121.66,0,-31421,75,62
304,-209.42,121.4312,0,-209.7,121.72,0,-31521,35,67
304,-209.42,121.4312,0,-209.7,121.72,0,-31521,35,67
305,-210.4124,121.4724,0,-210.69,121.79,0,-31721,76,73
305,-210.4124,121.4724,0,-210.69,121.79,0,-31721,76,73
306,-211.4124,121.5136,0,-211.69,121.86,0,-31821,36,78
306,-211.4124,121.5136,0,-211.69,121.86,0,-31821,36,78
307,-212.4124,121.5512,0,-212.69,121.92,0,-32021,77,73
307,-212.4124,121.5512,0,-212.69,121.92,0,-32021,77,73
308,-213.4124,121.5924,0,-213.69,121.99,0,-32121,37,79
308,-213.4124,121.5924,0,-213.69,121.99,0,-32121,37,79
309,-214.4124,122.0336,0,-214.69,122.06,0,-32322,70,74
309,-214.4124,122.0336,0,-214.69,122.06,0,-32322,70,74
310,-215.4048,122.0748,0,-215.68,122.13,0,-32422,31,80
310,-215.4048,122.0748,0,-215.68,122.13,0,-32422,31,80
311,-216.4048,122.1124,0,-216.68,122.19,0,-32622,71,85
311,-216.4048,122.1124,0,-216.68,122.19,0,-32622,71,85
312,-217.4048,122.1536,0,-217.68,122.26,0,-32722,32,80
312,-217.4048,122.1536,0,-217.68,122.26,0,-32722,32,80
313,-218.4048,122.1948,0,-218.68,122.33,0,-32922,72,86
313,-218.4048,122.1948,0,-218.68,122.33,0,-32922,72,86
314,-219.4012,122.2324,0,-219.67,122.39,0,-33022,33,91
314,-219.4012,122.2324,0,-219.67,122.39,0,-33022,33,91
315,-220.4012,122.2736,0,-220.67,122.46,0,-33222,73,96
315,-220.4012,122.2736,0,-220.67,122.46,0,-33222,73,96
316,-221.4012,122.3148,0,-221.67,122.53,0,-33322,34,92
316,-221.4012,122.3148,0,-221.67,122.53,0,-33322,34,92
317,-222.4012,122.3524,0,-222.67,122.59,0,-33522,74,97
317,-222.4012,122.3524,0,-222.67,122.59,0,-33522,74,97
318,-223.4012,122.3936,0,-223.67,122.66,0,-33622,35,92
318,-223.4012,122.3936,0,-223.67,122.66,0,-33622,35,92
319,-224.3936,122.4348,0,-224.66,122.73,0,-33722,5,8
319,-224.3936,122.4348,0,-224.66,122.73,0,-33722,5,8
320,-225.3936,122.4724,0,-225.66,122.79,0,-33922,46,3
320,-225.3936,122.4724,0,-225.66,122.79,0,-33922,46,3
321,-226.3936,122.5136,0,-226.66,122.86,0,-34022,6,8
321,-226.3936,122.5136,0,-226.66,122.86,0,-34022,6,8
322,-227.3936,122.5548,0,-227.66,122.93,0,-34222,47,4
322,-227.3936,122.5548,0,-227.66,122.93,0,-34222,47,4
323,-228.39,123,0,-228.65,123,0,-34323,0,20
323,-228.39,123,0,-228.65,123,0,-34323,0,20
324,-229.39,123.0336,0,-229.65,123.06,0,-34523,40,24
324,-229.39,123.0336,0,-229.65,123.06,0,-34523,40,24
325,-230.39,123.0748,0,-230.65,123.13,0,-34623,1,20
325,-230.39,123.0748,0,-230.65,123.13,0,-34623,1,20
326,-231.39,123.116,0,-231.65,123.2,0,-34823,41,25
326,-231.39,123.116,0,-231.65,123.2,0,-34823,41,25
327,0,123.1536,0,-232.65,123.26,0,-34923,2,10
327,0,123.1536,0,-232.65,123.26,0,-34923,2,10
328,-233.3824,123.1948,0,-233.64,123.33,0,-35123,42,36
328,-233.3824,123.1948,0,-233.64,123.33,0,-35123,42,36
329,-234.3824,123.24,0,-234.64,123.4,0,-35223,3,32
329,-234.3824,123.24,0,-234.64,123.4,0,-35223,3,32
330,-235.3224,123.2736,0,-235.54,123.46,0,-35423,53,56
330,-235.3224,123.2736,0,-235.54,123.46,0,-35423,53,56
331,-236.03,123.2848,0,-236.05,123.48,0,-35523,73,48
332,-272.0712,106.5324,0,-272.12,106.89,0,-40906,67,51
332,-272.0712,106.5324,0,-272.12,106.89,0,-40906,67,51
333,-272.1236,105.5324,0,-272.21,105.89,0,-40905,57,41
333,-272.1236,105.5324,0,-272.21,105.89,0,-40905,57,41
334,-272.1836,104.5324,0,-272.31,104.89,0,-40904,47,21
334,-272.1836,104.5324,0,-272.31,104.89,0,-40904,47,21
335,-272.2512,0,0,-272.42,103.9,0,-40903,27,92
335,-272.2512,0,0,-272.42,103.9,0,-40903,27,92
336,-272.2848,102.54,0,-272.48,102.9,0,-40902,27,22
336,-272.2848,102.54,0,-272.48,102.9,0,-40902,27,22
337,-272.33,101.54,0,-272.55,101.9,0,-40901,17,42
337,-272.33,101.54,0,-272.55,101.9,0,-40901,17,42
338,-272.3748,100.54,0,-272.63,100.9,0,-40900,7,42
338,-272.3748,100.54,0,-272.63,100.9,0,-40900,7,42
339,-272.4236,99.5436,0,-272.71,99.91,0,-410,77,42
339,-272.4236,99.5436,0,-272.71,99.91,0,-410,77,42
340,-272.48,98.5436,0,-272.8,98.91,0,-410,67,42
340,-272.48,98.5436,0,-272.8,98.91,0,-410,67,42
341,-272.5324,97.5436,0,-272.89,97.91,0,-410,57,32
341,-272.5324,97.5436,0,-272.89,97.91,0,-410,57,32
342,-272.5624,96.5512,0,-272.94,96.92,0,-410,47,73
342,-272.5624,96.5512,0,-272.94,96.92,0,-410,47,73
343,-272.5924,95.5512,0,-272.99,95.92,0,-410,47,13
343,-272.5924,95.5512,0,-272.99,95.92,0,-410,47,13
344,-273.0224,94.5548,0,-273.04,94.93,0,-410,37,54
344,-273.0224,94.5548,0,-273.04,94.93,0,-410,37,54
345,-273.0524,93.5548,0,-273.09,93.93,0,-410,27,94
345,-273.0524,93.5548,0,-273.09,93.93,0,-410,27,94
346,-273.0824,92.5624,0,-273.14,92.94,0,-410,27,35
346,-273.0824,92.5624,0,-273.14,92.94,0,-410,27,35
347,-273.1124,91.5624,0,-273.19,91.94,0,-410,17,75
347,-273.1124,91.5624,0,-273.19,91.94,0,-410,17,75
348,-273.15,90.57,0,-273.25,90.95,0,-410,17,6
348,-273.15,90.57,0,-273.25,90.95,0,-410,17,6
349,-273.18,89.57,0,-273.3,89.95,0,-410,7,46
349,-273.18,89.57,0,-273.3,89.95,0,-410,7,46
350,-273.2024,88.5136,0,-273.34,88.86,0,-411,76,98
350,-273.2024,88.5136,0,-273.34,88.86,0,-411,76,98
351,-273.2248,87.5736,0,-273.38,87.96,0,-411,77,46
351,-273.2248,87.5736,0,-273.38,87.96,0,-411,77,46
352,-273.2512,87.0412,0,-273.42,87.07,0,-411,60,95
352,-273.2512,87.0412,0,-273.42,87.07,0,-411,60,95
353,-273.2624,86.1312,0,-273.44,86.22,0,-411,61,77
353,-273.2624,86.1312,0,-273.44,86.22,0,-411,61,77
354,-273.2736,85.2512,0,-273.46,85.42,0,-411,63,43
354,-273.2736,85.2512,0,-273.46,85.42,0,-411,63,43
355,-273.2812,84.4012,0,-273.47,84.67,0,-411,65,33
355,-273.2812,84.4012,0,-273.47,84.67,0,-411,65,33
356,-273.2436,83.5248,0,-273.41,83.88,0,-411,77,0
356,-273.2436,83.5248,0,-273.41,83.88,0,-411,77,0
357,-273.2324,83.0448,0,-273.39,83.08,0,-411,70,36
357,-273.2324,83.0448,0,-273.39,83.08,0,-411,70,36
358,-273.22192,82.1648,0,-273.372,82.28,0,-411,72,52
358,-273.22192,82.1648,0,-273.372,82.28,0,-411,72,52
359,-273.2024,81.2848,0,-273.34,81.48,0,-411,73,98
359,-273.2024,81.2848,0,-273.34,81.48,0,-411,73,98
360,-273.18,80.4048,0,-273.3,80.68,0,-410,5,44
360,-273.18,80.4048,0,-273.3,80.68,0,-410,5,44
361,-273.1424,79.4948,0,-273.24,79.83,0,-410,16,16
361,-273.1424,79.4948,0,-273.24,79.83,0,-410,16,16
362,-273.12,78.5848,0,-273.2,78.98,0,-410,17,68
362,-273.12,78.5848,0,-273.2,78.98,0,-410,17,68
363,-273.0636,78.1124,0,-273.11,78.19,0,-410,21,65
363,-273.0636,78.1124,0,-273.11,78.19,0,-410,21,65
364,-272.5924,77.1836,0,-272.99,77.31,0,-410,42,14
364,-272.5924,77.1836,0,-272.99,77.31,0,-410,42,14
365,-272.4912,76.2548,0,-272.82,76.43,0,-410,63,14
365,-272.4912,76.2548,0,-272.82,76.43,0,-410,63,14
366,-272.36,75.2812,0,-272.6,75.47,0,-409,3,77
366,-272.36,75.2812,0,-272.6,75.47,0,-409,3,77
367,-272.2212,74.3412,0,-272.37,74.57,0,-409,34,55
367,-272.2212,74.3412,0,-272.37,74.57,0,-409,34,55
368,-272.0448,73.45,0,-272.08,73.75,0,-409,76,0
368,-272.0448,73.45,0,-272.08,73.75,0,-409,76,0
369,-271.5024,73.0036,0,-271.84,73.01,0,-408,10,90
369,-271.5024,73.0036,0,-271.84,73.01,0,-408,10,90
370,-271.3412,72.18,0,-271.57,72.3,0,-408,52,13
370,-271.3412,72.18,0,-271.57,72.3,0,-408,52,13
371,-271.1724,71.4048,0,-271.29,71.68,0,-407,5,54
371,-271.1724,71.4048,0,-271.29,71.68,0,-407,5,54
372,-270.5436,70.4536,0,-270.91,70.76,0,-407,56,0
372,-270.5436,70.4536,0,-270.91,70.76,0,-407,56,0
373,-270.3148,69.5248,0,-270.53,69.88,0,-406,17,60
374,-270.3148,69.5248,0,-270.53,69.88,0,-406,17,60
374,-270.3148,69.5248,0,-270.53,69.88,0,-406,17,60
375,-270.06,68.5812,0,-270.1,68.97,0,-406,67,77
375,-270.06,68.5812,0,-270.1,68.97,0,-406,67,77
376,-269.4348,68.2212,0,-269.73,68.37,0,-405,32,29
376,-269.4348,68.2212,0,-269.73,68.37,0,-405,32,29
377,-269.03,67.3224,0,-269.05,67.54,0,-404,34,43
377,-269.03,67.3224,0,-269.05,67.54,0,-404,34,43
378,-268.2436,66.5548,0,-268.41,66.93,0,-403,37,4
378,-268.2436,66.5548,0,-268.41,66.93,0,-403,37,4
379,-267.3636,66.18,0,-267.61,66.3,0,-402,42,63
379,-267.3636,66.18,0,-267.61,66.3,0,-402,42,63
380,-266.4948,65.4348,0,-266.83,65.73,0,-401,65,8
380,-266.4948,65.4348,0,-266.83,65.73,0,-401,65,8
381,-266.0936,65.2548,0,-266.16,65.43,0,-400,63,4
381,-266.0936,65.2548,0,-266.16,65.43,0,-400,63,4
382,-265.1012,64.5624,0,-265.17,64.94,0,-398,17,95
382,-265.1012,64.5624,0,-265.17,64.94,0,-398,17,95
383,-264.0636,64.3,0,-264.11,64.5,0,-397,64,60
383,-264.0636,64.3,0,-264.11,64.5,0,-397,64,60
384,-262.5924,64.0712,0,-262.99,64.12,0,-395,40,19
384,-262.5924,64.0712,0,-262.99,64.12,0,-395,40,19
385,-261.4836,63.5212,0,-261.81,63.87,0,-393,26,29
385,-261.4836,63.5212,0,-261.81,63.87,0,-393,26,29
386,-260.4312,63.4012,0,-260.72,63.67,0,-392,75,33
386,-260.4312,63.4012,0,-260.72,63.67,0,-392,75,33
387,-259.3748,63.2624,0,-259.63,63.44,0,-390,43,45
387,-259.3748,63.2624,0,-259.63,63.44,0,-390,43,45
388,-258.2848,63.12,0,-258.48,63.2,0,-388,21,26
388,-258.2848,63.12,0,-258.48,63.2,0,-388,21,26
389,-257.2024,62.5924,0,-257.34,62.99,0,-387,77,99
389,-257.2024,62.5924,0,-257.34,62.99,0,-387,77,99
390,-256.1124,62.48,0,-256.19,62.8,0,-385,56,73
390,-256.1124,62.48,0,-256.19,62.8,0,-385,56,73
391,-255.1424,62.3748,0,-255.24,62.63,0,-383,15,10
391,-255.1424,62.3748,0,-255.24,62.63,0,-383,15,10
392,-254.1424,62.3148,0,-254.24,62.53,0,-382,54,12
392,-254.1424,62.3148,0,-254.24,62.53,0,-382,54,12
393,-253.1424,0,0,-253.24,62.45,0,-380,13,16
393,-253.1424,0,0,-253.24,62.45,0,-380,13,16
394,-252.1124,62.1948,0,-252.19,62.33,0,-379,52,76
394,-252.1124,62.1948,0,-252.19,62.33,0,-379,52,76
395,-251.0824,62.1312,0,-251.14,62.22,0,-377,21,37
395,-251.0824,62.1312,0,-251.14,62.22,0,-377,21,37
396,-250.0824,62.0712,0,-250.14,62.12,0,-376,60,39
396,-250.0824,62.0712,0,-250.14,62.12,0,-376,60,39
397,-249.1124,62.0148,0,-249.19,62.03,0,-374,10,72
397,-249.1124,62.0148,0,-249.19,62.03,0,-374,10,72
398,-248.0824,61.57,0,-248.14,61.95,0,-373,67,36
398,-248.0824,61.57,0,-248.14,61.95,0,-373,67,36
399,-247.09,61.5212,0,-247.15,61.87,0,-371,26,29
399,-247.09,61.5212,0,-247.15,61.87,0,-371,26,29
400,-246.09,61.45,0,-246.15,61.75,0,-370,66,20
400,-246.09,61.45,0,-246.15,61.75,0,-370,66,20
401,-245.09,61.3712,0,-245.15,61.62,0,-368,24,29
401,-245.09,61.3712,0,-245.15,61.62,0,-368,24,29
402,-244.0936,61.3224,0,-244.16,61.54,0,-367,64,3
402,-244.0936,61.3224,0,-244.16,61.54,0,-367,64,3
403,-243.1536,61.24,0,-243.26,61.4,0,-365,3,81
403,-243.1536,61.24,0,-243.26,61.4,0,-365,3,81
404,-242.2136,0,0,-242.36,61.3,0,-364,32,64
404,-242.2136,0,0,-242.36,61.3,0,-364,32,64
405,-241.2136,61.1312,0,-241.36,61.22,0,-363,71,67
405,-241.2136,61.1312,0,-241.36,61.22,0,-363,71,67
406,-240.2736,61.0936,0,-240.46,61.16,0,-361,21,42
406,-240.2736,61.0936,0,-240.46,61.16,0,-361,21,42
407,-239.3636,61.06,0,-239.61,61.1,0,-360,40,68
408,-239.3636,61.06,0,-239.61,61.1,0,-360,40,68
408,-239.3636,61.06,0,-239.61,61.1,0,-360,40,68
409,-238.4236,60.5848,0,-238.71,60.98,0,-359,77,48
409,-238.4236,60.5848,0,-238.71,60.98,0,-359,77,48
410,-237.4236,60.5512,0,-237.71,60.92,0,-357,37,43
410,-237.4236,60.5512,0,-237.71,60.92,0,-357,37,43
411,-236.4236,60.4836,0,-236.71,60.81,0,-356,76,44
411,-236.4236,60.4836,0,-236.71,60.81,0,-356,76,44
412,-235.4236,60.45,0,-235.71,60.75,0,-354,36,40
412,-235.4236,60.45,0,-235.71,60.75,0,-354,36,40
413,-234.4312,60.4124,0,-234.72,60.69,0,-353,75,35
413,-234.4312,60.4124,0,-234.72,60.69,0,-353,75,35
414,-233.4312,60.3748,0,-233.72,60.63,0,-351,35,30
414,-233.4312,60.3748,0,-233.72,60.63,0,-351,35,30
415,-232.4312,60.3412,0,-232.72,60.57,0,-350,74,35
415,-232.4312,60.3412,0,-232.72,60.57,0,-350,74,35
416,-231.4912,60.3336,0,-231.82,60.56,0,-348,24,14
416,-231.4912,60.3336,0,-231.82,60.56,0,-348,24,14
417,-230.4312,60.3224,0,-230.72,60.54,0,-347,74,33
417,-230.4312,60.3224,0,-230.72,60.54,0,-347,74,33
418,-229.4348,60.2848,0,-229.73,60.48,0,-345,33,28
418,-229.4348,60.2848,0,-229.73,60.48,0,-345,33,28
419,-228.4348,60.2512,0,-228.73,60.42,0,-344,73,23
419,-228.4348,60.2512,0,-228.73,60.42,0,-344,73,23
420,-227.4348,60.2436,0,-227.73,60.41,0,-342,33,22
420,-227.4348,60.2436,0,-227.73,60.41,0,-342,33,22
421,-226.4348,60.24,0,-226.73,60.4,0,-341,73,21
421,-226.4348,60.24,0,-226.73,60.4,0,-341,73,21
422,-225.4348,60.2024,0,-225.73,60.34,0,-339,32,27
422,-225.4348,60.2024,0,-225.73,60.34,0,-339,32,27
423,-224.4348,60.1648,0,-224.73,60.28,0,-338,72,22
423,-224.4348,60.1648,0,-224.73,60.28,0,-338,72,22
424,-223.4424,60.1536,0,-223.74,60.26,0,-336,32,10
424,-223.4424,60.1536,0,-223.74,60.26,0,-336,32,10
425,-222.4124,0,0,-222.69,60.2,0,-335,71,76
425,-222.4124,0,0,-222.69,60.2,0,-335,71,76
426,-221.4424,60.0824,0,-221.74,60.14,0,-333,31,11
426,-221.4424,60.0824,0,-221.74,60.14,0,-333,31,11
427,-220.4424,60.0448,0,-220.74,60.08,0,-332,70,16
427,-220.4424,60.0448,0,-220.74,60.08,0,-332,70,16
428,-219.4424,60.0112,0,-219.74,60.02,0,-330,30,11
428,-219.4424,60.0112,0,-219.74,60.02,0,-330,30,11
429,-218.45,59.5736,0,-218.75,59.96,0,-329,77,6
429,-218.45,59.5736,0,-218.75,59.96,0,-329,77,6
430,-217.45,59.54,0,-217.75,59.9,0,-327,37,1
430,-217.45,59.54,0,-217.75,59.9,0,-327,37,1
431,-216.45,59.5024,0,-216.75,59.84,0,-326,76,7
431,-216.45,59.5024,0,-216.75,59.84,0,-326,76,7
432,0,59.4612,0,-215.75,59.77,0,-324,26,91
432,0,59.4612,0,-215.75,59.77,0,-324,26,91
433,-214.45,59.4536,0,-214.75,59.76,0,-323,76,0
433,-214.45,59.4536,0,-214.75,59.76,0,-323,76,0
434,-213.4536,59.42,0,-213.76,59.7,0,-321,25,86
434,-213.4536,59.42,0,-213.76,59.7,0,-321,25,86
435,-212.4536,59.3824,0,-212.76,59.64,0,-320,65,81
435,-212.4536,59.3824,0,-212.76,59.64,0,-320,65,81
436,-211.4536,59.3448,0,-211.76,59.58,0,-318,24,86
436,-211.4536,59.3448,0,-211.76,59.58,0,-318,24,86
437,-210.4536,59.3112,0,-210.76,59.52,0,-317,64,81
437,-210.4536,59.3112,0,-210.76,59.52,0,-317,64,81
438,-209.4536,59.2736,0,-209.76,59.46,0,-315,23,86
438,-209.4536,59.2736,0,-209.76,59.46,0,-315,23,86
439,-208.4536,59.236,0,-208.76,59.4,0,-314,63,81
439,-208.4536,59.236,0,-208.76,59.4,0,-314,63,81
440,-207.4612,59.1948,0,-207.77,59.33,0,-312,22,76
440,-207.4612,59.1948,0,-207.77,59.33,0,-312,22,76
441,-206.4612,59.1612,0,-206.77,59.27,0,-311,62,71
441,-206.4612,59.1612,0,-206.77,59.27,0,-311,62,71
442,-205.4612,59.1236,0,-205.77,59.21,0,-309,21,76
442,-205.4612,59.1236,0,-205.77,59.21,0,-309,21,76
443,-204.4612,59.09,0,-204.77,59.15,0,-308,61,71
443,-204.4612,59.09,0,-204.77,59.15,0,-308,61,71
444,-203.4612,59.0524,0,-203.77,59.09,0,-306,20,77
444,-203.4612,59.0524,0,-203.77,59.09,0,-306,20,77
445,-202.4648,59.0148,0,-202.78,59.03,0,-305,60,62
445,-202.4648,59.0148,0,-202.78,59.03,0,-305,60,62
446,-201.4948,58.5812,0,-201.83,58.97,0,-303,27,7
446,-201.4948,58.5812,0,-201.83,58.97,0,-303,27,7
447,-200.4648,58.54,0,-200.78,58.9,0,-302,67,61
447,-200.4648,58.54,0,-200.78,58.9,0,-302,67,61
448,-199.4648,58.5024,0,-199.78,58.84,0,-300,26,67
448,-199.4648,58.5024,0,-199.78,58.84,0,-300,26,67
449,-198.4648,58.4648,0,-198.78,58.78,0,-299,66,62
449,-198.4648,58.4648,0,-198.78,58.78,0,-299,66,62
450,-197.4724,58.4312,0,-197.79,58.72,0,-297,25,57
450,-197.4724,58.4312,0,-197.79,58.72,0,-297,25,57
451,-196.4724,58.3936,0,-196.79,58.66,0,-296,65,52
451,-196.4724,58.3936,0,-196.79,58.66,0,-296,65,52
452,-195.4724,0,0,-195.79,58.6,0,-294,24,58
452,-195.4724,0,0,-195.79,58.6,0,-294,24,58
453,-194.4724,58.3224,0,-194.79,58.54,0,-293,64,53
453,-194.4724,58.3224,0,-194.79,58.54,0,-293,64,53
454,-193.4724,58.2848,0,-193.79,58.48,0,-291,23,58
454,-193.4724,58.2848,0,-193.79,58.48,0,-291,23,58
455,-192.4724,58.2736,0,-192.79,58.46,0,-290,63,56
455,-192.4724,58.2736,0,-192.79,58.46,0,-290,63,56
456,-191.48,0,0,-191.8,58.4,0,-288,23,42
456,-191.48,0,0,-191.8,58.4,0,-288,23,42
457,-190.48,58.2024,0,-190.8,58.34,0,-287,62,47
457,-190.48,58.2024,0,-190.8,58.34,0,-287,62,47
458,0,58.1648,0,-189.8,58.28,0,-285,22,32
458,0,58.1648,0,-189.8,58.28,0,-285,22,32
459,-188.48,58.1312,0,-188.8,58.22,0,-284,61,47
459,-188.48,58.1312,0,-188.8,58.22,0,-284,61,47
460,-187.51,58.0936,0,-187.85,58.16,0,-282,11,82
460,-187.51,58.0936,0,-187.85,58.16,0,-282,11,82
461,-186.5136,58.06,0,-186.86,58.1,0,-281,50,68
461,-186.5136,58.06,0,-186.86,58.1,0,-281,50,68
462,-185.4836,58.0148,0,-185.81,58.03,0,-279,20,22
462,-185.4836,58.0148,0,-185.81,58.03,0,-279,20,22
463,-184.4836,57.5812,0,-184.81,57.97,0,-278,67,27
463,-184.4836,57.5812,0,-184.81,57.97,0,-278,67,27
464,-183.4836,57.5436,0,-183.81,57.91,0,-276,27,22
464,-183.4836,57.5436,0,-183.81,57.91,0,-276,27,22
465,-182.4836,57.51,0,-182.81,57.85,0,-275,66,28
465,-182.4836,57.51,0,-182.81,57.85,0,-275,66,28
466,-181.4912,57.4724,0,-181.82,57.79,0,-273,26,13
466,-181.4912,57.4724,0,-181.82,57.79,0,-273,26,13
467,-180.4912,57.4348,0,-180.82,57.73,0,-272,65,18
467,-180.4912,57.4348,0,-180.82,57.73,0,-272,65,18
468,-179.4912,57.4012,0,-179.82,57.67,0,-270,25,13
468,-179.4912,57.4012,0,-179.82,57.67,0,-270,25,13
469,-178.4912,57.3636,0,-178.82,57.61,0,-269,64,18
469,-178.4912,57.3636,0,-178.82,57.61,0,-269,64,18
470,-177.4912,57.3224,0,-177.82,57.54,0,-267,24,13
470,-177.4912,57.3224,0,-177.82,57.54,0,-267,24,13
471,-176.4912,57.2848,0,-176.82,57.48,0,-266,63,18
471,-176.4912,57.2848,0,-176.82,57.48,0,-266,63,18
472,-175.4948,57.2212,0,-175.83,57.37,0,-264,22,9
472,-175.4948,57.2212,0,-175.83,57.37,0,-264,22,9
473,-174.4948,57.1836,0,-174.83,57.31,0,-263,62,4
473,-174.4948,57.1836,0,-174.83,57.31,0,-263,62,4
474,-173.4948,57.15,0,-173.83,57.25,0,-261,22,0
474,-173.4948,57.15,0,-173.83,57.25,0,-261,22,0
475,-172.4948,57.1124,0,-172.83,57.19,0,-260,61,5
475,-172.4948,57.1124,0,-172.83,57.19,0,-260,61,5
476,-171.4948,57.0748,0,-171.83,57.13,0,-258,21,0
476,-171.4948,57.0748,0,-171.83,57.13,0,-258,21,0
477,-170.5024,57.0636,0,-170.84,57.11,0,-257,50,98
477,-170.5024,57.0636,0,-170.84,57.11,0,-257,50,98
478,-169.5024,0,0,-169.84,57.05,0,-255,10,94
478,-169.5024,0,0,-169.84,57.05,0,-255,10,94
479,-168.5024,56.5924,0,-168.84,56.99,0,-254,57,99
479,-168.5024,56.5924,0,-168.84,56.99,0,-254,57,99
480,-167.5024,56.5548,0,-167.84,56.93,0,-252,17,94
480,-167.5024,56.5548,0,-167.84,56.93,0,-252,17,94
481,-166.59276,56.55156,0,-166.991,56.921,0,-251,47,13
481,-166.59276,56.55156,0,-166.991,56.921,0,-251,47,13
482,-166.0712,56.5324,0,-166.12,56.89,0,-250,67,51
483,-166.07336,56.54108,0,-166.126,56.903,0,-250,67,42
483,-166.07336,56.54108,0,-166.126,56.903,0,-250,67,42
484,-165.1724,56.5136,0,-165.29,56.86,0,-248,6,58
484,-165.1724,56.5136,0,-165.29,56.86,0,-248,6,58
485,-164.18,56.4724,0,-164.3,56.79,0,-247,46,43
485,-164.18,56.4724,0,-164.3,56.79,0,-247,46,43
486,-163.18,56.4536,0,-163.3,56.76,0,-245,6,40
486,-163.18,56.4536,0,-163.3,56.76,0,-245,6,40
487,-162.18,56.4124,0,-162.3,56.69,0,-244,45,45
487,-162.18,56.4124,0,-162.3,56.69,0,-244,45,45
488,-161.1836,56.3712,0,-161.31,56.62,0,-242,4,29
488,-161.1836,56.3712,0,-161.31,56.62,0,-242,4,29
489,-160.1836,56.3224,0,-160.31,56.54,0,-241,44,23
489,-160.1836,56.3224,0,-160.31,56.54,0,-241,44,23
490,-159.1836,56.2812,0,-159.31,56.47,0,-239,3,27
490,-159.1836,56.2812,0,-159.31,56.47,0,-239,3,27
491,-158.1836,56.24,0,-158.31,56.4,0,-238,43,21
491,-158.1836,56.24,0,-158.31,56.4,0,-238,43,21
492,-157.1912,56.1912,0,-157.32,56.32,0,-236,2,15
492,-157.1912,56.1912,0,-157.32,56.32,0,-236,2,15
493,-156.1912,56.12,0,-156.32,56.2,0,-235,41,16
493,-156.1912,56.12,0,-156.32,56.2,0,-235,41,16
494,-155.1912,56.0748,0,-155.32,56.13,0,-233,1,10
494,-155.1912,56.0748,0,-155.32,56.13,0,-233,1,10
495,-154.1912,56.03,0,-154.32,56.05,0,-232,40,13
495,-154.1912,56.03,0,-154.32,56.05,0,-232,40,13
496,-153.1948,55.5848,0,-153.33,55.98,0,-230,7,8
496,-153.1948,55.5848,0,-153.33,55.98,0,-230,7,8
497,-152.1948,0,0,-152.33,55.9,0,-229,47,2
497,-152.1948,0,0,-152.33,55.9,0,-229,47,2
498,-151.1948,55.4948,0,-151.33,55.83,0,-227,6,6
498,-151.1948,55.4948,0,-151.33,55.83,0,-227,6,6
499,-150.1948,55.4536,0,-150.33,55.76,0,-226,46,0
499,-150.1948,55.4536,0,-150.33,55.76,0,-226,46,0
500,-149.2024,55.4048,0,-149.34,55.68,0,-225,75,94
500,-149.2024,55.4048,0,-149.34,55.68,0,-225,75,94
501,-148.2024,55.3636,0,-148.34,55.61,0,-223,34,98
501,-148.2024,55.3636,0,-148.34,55.61,0,-223,34,98
502,-147.2024,55.3224,0,-147.34,55.54,0,-222,74,93
502,-147.2024,55.3224,0,-147.34,55.54,0,-222,74,93
503,-146.21,55.2736,0,-146.35,55.46,0,-220,33,86
503,-146.21,55.2736,0,-146.35,55.46,0,-220,33,86
504,-145.21,55.2324,0,-145.35,55.39,0,-219,73,81
504,-145.21,55.2324,0,-145.35,55.39,0,-219,73,81
505,-144.21,55.1912,0,-144.35,55.32,0,-217,32,85
505,-144.21,55.1912,0,-144.35,55.32,0,-217,32,85
506,-143.21,55.1424,0,-143.35,55.24,0,-216,71,89
506,-143.21,55.1424,0,-143.35,55.24,0,-216,71,89
507,-142.2136,55.1012,0,-142.36,55.17,0,-214,31,63
507,-142.2136,55.1012,0,-142.36,55.17,0,-214,31,63
508,-141.2136,55.0524,0,-141.36,55.09,0,-213,70,67
508,-141.2136,55.0524,0,-141.36,55.09,0,-213,70,67
509,-140.2136,55.0112,0,-140.36,55.02,0,-211,30,61
509,-140.2136,55.0112,0,-140.36,55.02,0,-211,30,61
510,-139.2136,54.57,0,-139.36,54.95,0,-210,77,66
510,-139.2136,54.57,0,-139.36,54.95,0,-210,77,66
511,-138.2212,54.5212,0,-138.37,54.87,0,-208,36,59
511,-138.2212,54.5212,0,-138.37,54.87,0,-208,36,59
512,-137.2212,0,0,-137.37,54.8,0,-207,76,54
512,-137.2212,0,0,-137.37,54.8,0,-207,76,54
513,-136.2212,54.4348,0,-136.37,54.73,0,-205,35,58
513,-136.2212,54.4348,0,-136.37,54.73,0,-205,35,58
514,-135.2248,54.39,0,-135.38,54.65,0,-204,75,41
514,-135.2248,54.39,0,-135.38,54.65,0,-204,75,41
515,-134.2248,54.3448,0,-134.38,54.58,0,-202,34,46
515,-134.2248,54.3448,0,-134.38,54.58,0,-202,34,46
516,-133.2248,54.3036,0,-133.38,54.51,0,-201,74,40
516,-133.2248,54.3036,0,-133.38,54.51,0,-201,74,40
517,-132.2248,54.2548,0,-132.38,54.43,0,-199,33,44
517,-132.2248,54.2548,0,-132.38,54.43,0,-199,33,44
518,-131.2324,54.2136,0,-131.39,54.36,0,-198,72,38
518,-131.2324,54.2136,0,-131.39,54.36,0,-198,72,38
519,-130.2324,54.1648,0,-130.39,54.28,0,-196,32,32
519,-130.2324,54.1648,0,-130.39,54.28,0,-196,32,32
520,-129.2324,54.1236,0,-129.39,54.21,0,-195,71,36
520,-129.2324,54.1236,0,-129.39,54.21,0,-195,71,36
521,-128.2324,54.0824,0,-128.39,54.14,0,-193,31,31
521,-128.2324,54.0824,0,-128.39,54.14,0,-193,31,31
522,0,54.0336,0,-127.4,54.06,0,-192,70,14
522,0,54.0336,0,-127.4,54.06,0,-192,70,14
523,-126.24,53.5924,0,-126.4,53.99,0,-190,37,29
523,-126.24,53.5924,0,-126.4,53.99,0,-190,37,29
524,-125.24,53.5512,0,-125.4,53.92,0,-189,77,23
524,-125.24,53.5512,0,-125.4,53.92,0,-189,77,23
525,-124.2436,53.5024,0,-124.41,53.84,0,-187,36,7
525,-124.2436,53.5024,0,-124.41,53.84,0,-187,36,7
526,-123.2436,53.4612,0,-123.41,53.77,0,-186,76,1
526,-123.2436,53.4612,0,-123.41,53.77,0,-186,76,1
527,-122.2436,53.42,0,-122.41,53.7,0,-184,35,6
527,-122.2436,53.42,0,-122.41,53.7,0,-184,35,6
528,-121.2436,53.3712,0,-121.41,53.62,0,-183,74,9
528,-121.2436,53.3712,0,-121.41,53.62,0,-183,74,9
529,-120.2512,53.33,0,-120.42,53.55,0,-181,24,93
529,-120.2512,53.33,0,-120.42,53.55,0,-181,24,93
530,-119.2512,53.2848,0,-119.42,53.48,0,-180,63,98
530,-119.2512,53.2848,0,-119.42,53.48,0,-180,63,98
531,-118.2512,53.24,0,-118.42,53.4,0,-178,23,91
531,-118.2512,53.24,0,-118.42,53.4,0,-178,23,91
532,-117.2512,53.1948,0,-117.42,53.33,0,-177,62,96
532,-117.2512,53.1948,0,-117.42,53.33,0,-177,62,96
533,-116.2548,53.15,0,-116.43,53.25,0,-175,22,80
533,-116.2548,53.15,0,-116.43,53.25,0,-175,22,80
534,-115.2548,53.1048,0,-115.43,53.18,0,-174,61,84
534,-115.2548,53.1048,0,-115.43,53.18,0,-174,61,84
535,-114.2548,53.0636,0,-114.43,53.11,0,-172,20,88
535,-114.2548,53.0636,0,-114.43,53.11,0,-172,20,88
536,-113.2624,53.0148,0,-113.44,53.03,0,-171,60,72
536,-113.2624,53.0148,0,-113.44,53.03,0,-171,60,72
537,-112.2624,52.5736,0,-112.44,52.96,0,-169,27,76
537,-112.2624,52.5736,0,-112.44,52.96,0,-169,27,76
538,-111.2624,52.5324,0,-111.44,52.89,0,-168,67,71
538,-111.2624,52.5324,0,-111.44,52.89,0,-168,67,71
539,-110.2624,52.4836,0,-110.44,52.81,0,-166,26,74
539,-110.2624,52.4836,0,-110.44,52.81,0,-166,26,74
540,0,52.4424,0,-109.45,52.74,0,-165,65,59
540,0,52.4424,0,-109.45,52.74,0,-165,65,59
541,-108.27,52.4012,0,-108.45,52.67,0,-163,25,63
541,-108.27,52.4012,0,-108.45,52.67,0,-163,25,63
542,-107.27,52.3524,0,-107.45,52.59,0,-162,64,67
542,-107.27,52.3524,0,-107.45,52.59,0,-162,64,67
543,-106.27,52.3112,0,-106.45,52.52,0,-160,24,61
543,-106.27,52.3112,0,-106.45,52.52,0,-160,24,61
544,-105.2736,52.2624,0,-105.46,52.44,0,-159,63,45
544,-105.2736,52.2624,0,-105.46,52.44,0,-159,63,45
545,-104.2736,52.2212,0,-104.46,52.37,0,-157,22,49
545,-104.2736,52.2212,0,-104.46,52.37,0,-157,22,49
546,-103.2736,52.18,0,-103.46,52.3,0,-156,62,43
546,-103.2736,52.18,0,-103.46,52.3,0,-156,62,43
547,-102.2812,52.1312,0,-102.47,52.22,0,-154,21,37
547,-102.2812,52.1312,0,-102.47,52.22,0,-154,21,37
548,-101.4348,52.0824,0,-101.73,52.14,0,-153,31,21
549,-101.4348,52.0824,0,-101.73,52.14,0,-153,31,21
549,-101.4348,52.0824,0,-101.73,52.14,0,-153,31,21
550,-101.0148,52.0448,0,-101.03,52.08,0,-152,30,66
550,-101.0148,52.0448,0,-101.03,52.08,0,-152,30,66
551,-100.0224,52.0112,0,-100.04,52.02,0,-151,70,51
551,-100.0224,52.0112,0,-100.04,52.02,0,-151,70,51
552,-99.0224,0,0,-99.04,51.95,0,-149,37,56
552,-99.0224,0,0,-99.04,51.95,0,-149,37,56
553,-98.0224,51.5324,0,-98.04,51.89,0,-148,77,51
553,-98.0224,51.5324,0,-98.04,51.89,0,-148,77,51
554,-97.0224,51.4948,0,-97.04,51.83,0,-146,36,56
554,-97.0224,51.4948,0,-97.04,51.83,0,-146,36,56
555,-96.0224,51.4536,0,-96.04,51.76,0,-145,76,50
555,-96.0224,51.4536,0,-96.04,51.76,0,-145,76,50
556,-95.03,51.42,0,-95.05,51.7,0,-143,35,46
556,-95.03,51.42,0,-95.05,51.7,0,-143,35,46
557,-94.03,51.3824,0,-94.05,51.64,0,-142,75,41
557,-94.03,51.3824,0,-94.05,51.64,0,-142,75,41
558,-93.03,51.3448,0,-93.05,51.58,0,-140,34,46
558,-93.03,51.3448,0,-93.05,51.58,0,-140,34,46
559,-92.03,51.3036,0,-92.05,51.51,0,-139,74,40
559,-92.03,51.3036,0,-92.05,51.51,0,-139,74,40
560,-91.03,51.27,0,-91.05,51.45,0,-137,33,46
560,-91.03,51.27,0,-91.05,51.45,0,-137,33,46
561,-90.0036,51.2024,0,-90.01,51.34,0,-136,72,87
561,-90.0036,51.2024,0,-90.01,51.34,0,-136,72,87
562,-89.0336,51.1648,0,-89.06,51.28,0,-134,32,22
562,-89.0336,51.1648,0,-89.06,51.28,0,-134,32,22
563,-88.0336,51.1236,0,-88.06,51.21,0,-133,71,26
563,-88.0336,51.1236,0,-88.06,51.21,0,-133,71,26
564,-87.0336,51.09,0,-87.06,51.15,0,-131,31,21
564,-87.0336,51.09,0,-87.06,51.15,0,-131,31,21
565,-86.0336,51.0524,0,-86.06,51.09,0,-130,70,27
565,-86.0336,51.0524,0,-86.06,51.09,0,-130,70,27
566,-85.0412,51.0112,0,-85.07,51.02,0,-128,30,11
566,-85.0412,51.0112,0,-85.07,51.02,0,-128,30,11
567,-84.0412,50.5736,0,-84.07,50.96,0,-127,77,16
567,-84.0412,50.5736,0,-84.07,50.96,0,-127,77,16
568,-83.0412,50.54,0,-83.07,50.9,0,-125,37,11
568,-83.0412,50.54,0,-83.07,50.9,0,-125,37,11
569,-82.0412,50.5024,0,-82.07,50.84,0,-124,76,17
569,-82.0412,50.5024,0,-82.07,50.84,0,-124,76,17
570,-81.0412,50.4612,0,-81.07,50.77,0,-122,36,11
570,-81.0412,50.4612,0,-81.07,50.77,0,-122,36,11
571,-80.0448,50.4236,0,-80.08,50.71,0,-121,75,6
571,-80.0448,50.4236,0,-80.08,50.71,0,-121,75,6
572,-79.0448,50.39,0,-79.08,50.65,0,-119,35,1
572,-79.0448,50.39,0,-79.08,50.65,0,-119,35,1
573,-78.0448,50.3524,0,-78.08,50.59,0,-118,74,7
573,-78.0448,50.3524,0,-78.08,50.59,0,-118,74,7
574,-77.0448,50.3112,0,-77.08,50.52,0,-116,34,1
574,-77.0448,50.3112,0,-77.08,50.52,0,-116,34,1
575,-76.0448,50.2736,0,-76.08,50.46,0,-115,73,6
575,-76.0448,50.2736,0,-76.08,50.46,0,-115,73,6
576,-75.0524,50.24,0,-75.09,50.4,0,-113,23,91
576,-75.0524,50.24,0,-75.09,50.4,0,-113,23,91
577,-74.0524,50.1948,0,-74.09,50.33,0,-112,62,96
577,-74.0524,50.1948,0,-74.09,50.33,0,-112,62,96
578,-73.0524,50.1612,0,-73.09,50.27,0,-110,22,91
578,-73.0524,50.1612,0,-73.09,50.27,0,-110,22,91
579,-72.0524,50.1236,0,-72.09,50.21,0,-109,61,96
579,-72.0524,50.1236,0,-72.09,50.21,0,-109,61,96
580,-71.0524,50.09,0,-71.09,50.15,0,-107,21,91
580,-71.0524,50.09,0,-71.09,50.15,0,-107,21,91
581,-70.06,50.0448,0,-70.1,50.08,0,-106,60,86
581,-70.06,50.0448,0,-70.1,50.08,0,-106,60,86
582,-69.06,50.0112,0,-69.1,50.02,0,-104,20,81
582,-69.06,50.0112,0,-69.1,50.02,0,-104,20,81
583,-68.06,49.5736,0,-68.1,49.96,0,-103,67,86
583,-68.06,49.5736,0,-68.1,49.96,0,-103,67,86
584,-67.06,49.5324,0,-67.1,49.89,0,-101,27,81
584,-67.06,49.5324,0,-67.1,49.89,0,-101,27,81
585,-66.06,49.4948,0,-66.1,49.83,0,-100,66,86
585,-66.06,49.4948,0,-66.1,49.83,0,-100,66,86
586,-65.0636,49.4612,0,-65.11,49.77,0,-98,26,61
586,-65.0636,49.4612,0,-65.11,49.77,0,-98,26,61
587,-64.0636,49.4236,0,-64.11,49.71,0,-97,65,66
587,-64.0636,49.4236,0,-64.11,49.71,0,-97,65,66
588,-63.0636,49.3824,0,-63.11,49.64,0,-95,25,61
588,-63.0636,49.3824,0,-63.11,49.64,0,-95,25,61
589,-62.0636,49.3448,0,-62.11,49.58,0,-94,64,66
589,-62.0636,49.3448,0,-62.11,49.58,0,-94,64,66
590,-61.0636,49.3112,0,-61.11,49.52,0,-92,24,61
590,-61.0636,49.3112,0,-61.11,49.52,0,-92,24,61
591,-60.0712,49.2736,0,-60.12,49.46,0,-91,63,56
591,-60.0712,49.2736,0,-60.12,49.46,0,-91,63,56
592,-59.0712,49.2324,0,-59.12,49.39,0,-89,23,51
592,-59.0712,49.2324,0,-59.12,49.39,0,-89,23,51
593,-58.0712,49.1948,0,-58.12,49.33,0,-88,62,56
593,-58.0712,49.1948,0,-58.12,49.33,0,-88,62,56
594,-57.0712,49.1612,0,-57.12,49.27,0,-86,22,51
594,-57.0712,49.1612,0,-57.12,49.27,0,-86,22,51
595,-56.0712,49.12,0,-56.12,49.2,0,-85,61,56
595,-56.0712,49.12,0,-56.12,49.2,0,-85,61,56
596,-55.0712,49.0824,0,-55.12,49.14,0,-83,21,51
596,-55.0712,49.0824,0,-55.12,49.14,0,-83,21,51
597,-54.0748,49.0748,0,-54.13,49.13,0,-82,61,40
597,-54.0748,49.0748,0,-54.13,49.13,0,-82,61,40
598,-53.0748,49.0412,0,-53.13,49.07,0,-80,20,45
598,-53.0748,49.0412,0,-53.13,49.07,0,-80,20,45
599,-52.0748,49.03,0,-52.13,49.05,0,-79,60,43
599,-52.0748,49.03,0,-52.13,49.05,0,-79,60,43
600,-51.0748,48.5924,0,-51.13,48.99,0,-77,27,49
600,-51.0748,48.5924,0,-51.13,48.99,0,-77,27,49
601,-50.0748,48.5548,0,-50.13,48.93,0,-76,67,44
601,-50.0748,48.5548,0,-50.13,48.93,0,-76,67,44
602,-49.0824,48.5212,0,-49.14,48.87,0,-74,26,39
602,-49.0824,48.5212,0,-49.14,48.87,0,-74,26,39
603,-48.0824,48.48,0,-48.14,48.8,0,-73,66,33
603,-48.0824,48.48,0,-48.14,48.8,0,-73,66,33
604,-47.0824,48.4424,0,-47.14,48.74,0,-71,25,39
604,-47.0824,48.4424,0,-47.14,48.74,0,-71,25,39
605,-46.0824,48.4048,0,-46.14,48.68,0,-70,65,34
605,-46.0824,48.4048,0,-46.14,48.68,0,-70,65,34
606,-45.0824,48.3636,0,-45.14,48.61,0,-68,24,38
606,-45.0824,48.3636,0,-45.14,48.61,0,-68,24,38
607,-44.09,48.33,0,-44.15,48.55,0,-67,64,23
607,-44.09,48.33,0,-44.15,48.55,0,-67,64,23
608,-43.09,48.2924,0,-43.15,48.49,0,-65,23,29
608,-43.09,48.2924,0,-43.15,48.49,0,-65,23,29
609,-42.09,48.2548,0,-42.15,48.43,0,-64,63,24
609,-42.09,48.2548,0,-42.15,48.43,0,-64,63,24
610,-41.09,48.2136,0,-41.15,48.36,0,-62,22,28
610,-41.09,48.2136,0,-41.15,48.36,0,-62,22,28
611,-40.09,48.18,0,-40.15,48.3,0,-61,62,23
611,-40.09,48.18,0,-40.15,48.3,0,-61,62,23
612,-39.0936,48.1424,0,-39.16,48.24,0,-59,21,9
612,-39.0936,48.1424,0,-39.16,48.24,0,-59,21,9
613,-38.0936,48.1012,0,-38.16,48.17,0,-58,61,3
613,-38.0936,48.1012,0,-38.16,48.17,0,-58,61,3
614,-37.0936,48.0636,0,-37.16,48.11,0,-56,20,8
614,-37.0936,48.0636,0,-37.16,48.11,0,-56,20,8
615,-36.0936,0,0,-36.16,48.05,0,-55,60,4
615,-36.0936,0,0,-36.16,48.05,0,-55,60,4
616,-35.0936,47.5924,0,-35.16,47.99,0,-53,27,9
616,-35.0936,47.5924,0,-35.16,47.99,0,-53,27,9
617,-34.1012,47.5512,0,-34.17,47.92,0,-52,57,93
617,-34.1012,47.5512,0,-34.17,47.92,0,-52,57,93
618,-33.1012,47.5136,0,-33.17,47.86,0,-50,16,98
618,-33.1012,47.5136,0,-33.17,47.86,0,-50,16,98
619,-32.1012,47.48,0,-32.17,47.8,0,-49,56,93
619,-32.1012,47.48,0,-32.17,47.8,0,-49,56,93
620,-31.1012,47.4424,0,-31.17,47.74,0,-47,15,99
620,-31.1012,47.4424,0,-31.17,47.74,0,-47,15,99
621,-30.1012,47.4012,0,-30.17,47.67,0,-46,55,93
621,-30.1012,47.4012,0,-30.17,47.67,0,-46,55,93
622,-29.1048,47.3636,0,-29.18,47.61,0,-44,14,88
622,-29.1048,47.3636,0,-29.18,47.61,0,-44,14,88
623,-28.1048,47.33,0,-28.18,47.55,0,-43,54,83
623,-28.1048,47.33,0,-28.18,47.55,0,-43,54,83
624,-27.1048,47.2848,0,-27.18,47.48,0,-41,13,88
624,-27.1048,47.2848,0,-27.18,47.48,0,-41,13,88
625,-26.1048,47.2512,0,-26.18,47.42,0,-40,53,83
625,-26.1048,47.2512,0,-26.18,47.42,0,-40,53,83
626,-25.1048,47.2136,0,-25.18,47.36,0,-38,12,88
626,-25.1048,47.2136,0,-25.18,47.36,0,-38,12,88
627,-24.1124,47.18,0,-24.19,47.3,0,-37,52,73
627,-24.1124,47.18,0,-24.19,47.3,0,-37,52,73
628,-23.1124,47.1348,0,-23.19,47.23,0,-35,11,78
628,-23.1124,47.1348,0,-23.19,47.23,0,-35,11,78
629,-22.1124,47.1012,0,-22.19,47.17,0,-34,51,73
629,-22.1124,47.1012,0,-22.19,47.17,0,-34,51,73
630,-21.1124,47.0636,0,-21.19,47.11,0,-32,10,78
630,-21.1124,47.0636,0,-21.19,47.11,0,-32,10,78
631,-20.1124,47.0224,0,-20.19,47.04,0,-31,50,73
631,-20.1124,47.0224,0,-20.19,47.04,0,-31,50,73
632,-19.12,46.5848,0,-19.2,46.98,0,-29,17,68
632,-19.12,46.5848,0,-19.2,46.98,0,-29,17,68
633,-18.12,46.5512,0,-18.2,46.92,0,-28,57,63
633,-18.12,46.5512,0,-18.2,46.92,0,-28,57,63
634,-17.12,46.5136,0,-17.2,46.86,0,-26,16,68
634,-17.12,46.5136,0,-17.2,46.86,0,-26,16,68
635,-16.18,46.4724,0,-16.3,46.79,0,-25,46,43
635,-16.18,46.4724,0,-16.3,46.79,0,-25,46,43
636,-15.236,46.4348,0,-15.4,46.73,0,-24,75,28
636,-15.236,46.4348,0,-15.4,46.73,0,-24,75,28
637,-14.2848,46.4048,0,-14.48,46.68,0,-22,25,24
638,-20.1912,110.4124,0,-20.32,110.69,0,-3110,45,15
638,-20.1912,110.4124,0,-20.32,110.69,0,-3110,45,15
639,-21.2212,110.4348,0,-21.37,110.73,0,-3310,75,58
639,-21.2212,110.4348,0,-21.37,110.73,0,-3310,75,58
640,-22.2512,110.4612,0,-22.42,110.77,0,-3410,26,91
640,-22.2512,110.4612,0,-22.42,110.77,0,-3410,26,91
641,-23.2512,110.4836,0,-23.42,110.81,0,-3610,66,94
641,-23.2512,110.4836,0,-23.42,110.81,0,-3610,66,94
642,-24.2212,110.5024,0,-24.37,110.84,0,-3710,36,57
642,-24.2212,110.5024,0,-24.37,110.84,0,-3710,36,57
643,-25.2212,110.5248,0,-25.37,110.88,0,-3910,77,50
643,-25.2212,110.5248,0,-25.37,110.88,0,-3910,77,50
644,-26.2212,110.5512,0,-26.37,110.92,0,-4010,37,53
644,-26.2212,110.5512,0,-26.37,110.92,0,-4010,37,53
645,-27.1912,110.5736,0,-27.32,110.96,0,-4110,7,16
645,-27.1912,110.5736,0,-27.32,110.96,0,-4110,7,16
646,-28.2212,111,0,-28.37,111,0,-4311,30,50
646,-28.2212,111,0,-28.37,111,0,-4311,30,50
647,-29.2212,110.5924,0,-29.37,110.99,0,-4510,77,59
647,-29.2212,110.5924,0,-29.37,110.99,0,-4510,77,59
648,-30.2212,111.0148,0,-30.37,111.03,0,-4611,30,52
648,-30.2212,111.0148,0,-30.37,111.03,0,-4611,30,52
649,-31.2136,111.0412,0,-31.36,111.07,0,-4811,70,65
649,-31.2136,111.0412,0,-31.36,111.07,0,-4811,70,65
650,-32.2136,111.0636,0,-32.36,111.11,0,-4911,30,68
650,-32.2136,111.0636,0,-32.36,111.11,0,-4911,30,68
651,-33.2136,111.0824,0,-33.36,111.14,0,-5111,71,61
651,-33.2136,111.0824,0,-33.36,111.14,0,-5111,71,61
652,-34.2136,111.1048,0,-34.36,111.18,0,-5211,31,64
652,-34.2136,111.1048,0,-34.36,111.18,0,-5211,31,64
653,-35.2136,111.1312,0,-35.36,111.22,0,-5411,71,67
653,-35.2136,111.1312,0,-35.36,111.22,0,-5411,71,67
654,-36.2136,111.1536,0,-36.36,111.26,0,-5511,32,60
654,-36.2136,111.1536,0,-36.36,111.26,0,-5511,32,60
655,-37.2136,111.18,0,-37.36,111.3,0,-5711,72,63
655,-37.2136,111.18,0,-37.36,111.3,0,-5711,72,63
656,-38.2136,111.2024,0,-38.36,111.34,0,-5811,32,67
656,-38.2136,111.2024,0,-38.36,111.34,0,-5811,32,67
657,-39.2136,111.2548,0,-39.36,111.43,0,-6011,73,64
657,-39.2136,111.2548,0,-39.36,111.43,0,-6011,73,64
658,-40.2136,111.2812,0,-40.36,111.47,0,-6111,33,67
658,-40.2136,111.2812,0,-40.36,111.47,0,-6111,33,67
659,-41.2136,111.3036,0,-41.36,111.51,0,-6311,74,60
659,-41.2136,111.3036,0,-41.36,111.51,0,-6311,74,60
660,-42.2136,111.33,0,-42.36,111.55,0,-6411,34,63
660,-42.2136,111.33,0,-42.36,111.55,0,-6411,34,63
661,-43.2136,111.3748,0,-43.36,111.63,0,-6611,75,60
661,-43.2136,111.3748,0,-43.36,111.63,0,-6611,75,60
662,-44.21,111.4312,0,-44.35,111.72,0,-6711,35,87
662,-44.21,111.4312,0,-44.35,111.72,0,-6711,35,87
663,-45.21,111.4536,0,-45.35,111.76,0,-6911,76,80
663,-45.21,111.4536,0,-45.35,111.76,0,-6911,76,80
664,-46.21,0,0,-46.35,111.85,0,-7011,36,88
664,-46.21,0,0,-46.35,111.85,0,-7011,36,88
665,-47.21,111.5324,0,-47.35,111.89,0,-7211,77,81
665,-47.21,111.5324,0,-47.35,111.89,0,-7211,77,81
666,-48.21,111.5848,0,-48.35,111.98,0,-7311,37,88
666,-48.21,111.5848,0,-48.35,111.98,0,-7311,37,88
667,-49.21,112.0112,0,-49.35,112.02,0,-7512,70,81
667,-49.21,112.0112,0,-49.35,112.02,0,-7512,70,81
668,-50.21,112.0636,0,-50.35,112.11,0,-7612,30,88
668,-50.21,112.0636,0,-50.35,112.11,0,-7612,30,88
669,-51.21,112.09,0,-51.35,112.15,0,-7812,71,82
669,-51.21,112.09,0,-51.35,112.15,0,-7812,71,82
670,-52.21,112.1124,0,-52.35,112.19,0,-7912,31,85
670,-52.21,112.1124,0,-52.35,112.19,0,-7912,31,85
671,-53.21,112.1612,0,-53.35,112.27,0,-8112,72,81
671,-53.21,112.1612,0,-53.35,112.27,0,-8112,72,81
672,-54.21,112.1836,0,-54.35,112.31,0,-8212,32,84
672,-54.21,112.1836,0,-54.35,112.31,0,-8212,32,84
673,-55.21,112.21,0,-55.35,112.35,0,-8412,72,87
673,-55.21,112.21,0,-55.35,112.35,0,-8412,72,87
674,-56.21,112.2324,0,-56.35,112.39,0,-8512,33,81
674,-56.21,112.2324,0,-56.35,112.39,0,-8512,33,81
675,-57.2024,112.2548,0,-57.34,112.43,0,-8712,73,94
675,-57.2024,112.2548,0,-57.34,112.43,0,-8712,73,94
676,-58.2024,112.2812,0,-58.34,112.47,0,-8812,33,97
676,-58.2024,112.2812,0,-58.34,112.47,0,-8812,33,97
677,-59.2024,112.3036,0,-59.34,112.51,0,-9012,74,90
677,-59.2024,112.3036,0,-59.34,112.51,0,-9012,74,90
678,-60.2024,112.33,0,-60.34,112.55,0,-9112,34,93
678,-60.2024,112.33,0,-60.34,112.55,0,-9112,34,93
679,-61.2024,112.3524,0,-61.34,112.59,0,-9312,74,97
679,-61.2024,112.3524,0,-61.34,112.59,0,-9312,74,97
680,-62.1612,112.3712,0,-62.27,112.62,0,-9412,44,79
681,-14.2848,46.4048,0,-14.48,46.68,0,-22,25,24
681,-14.2848,46.4048,0,-14.48,46.68,0,-22,25,24
682,-13.2848,46.3636,0,-13.48,46.61,0,-21,64,28
682,-13.2848,46.3636,0,-13.48,46.61,0,-21,64,28
683,-12.3148,46.33432,0,-12.53,46.562,0,-19,14,64
683,-12.3148,46.33432,0,-12.53,46.562,0,-19,14,64
684,-11.3524,46.3148,0,-11.59,46.53,0,-18,44,92
684,-11.3524,46.3148,0,-11.59,46.53,0,-18,44,92
685,-10.39,46.3036,0,-10.65,46.51,0,-16,4,20
685,-10.39,46.3036,0,-10.65,46.51,0,-16,4,20
686,-9.4536,46.2812,0,-9.76,46.47,0,-15,23,87
686,-9.4536,46.2812,0,-9.76,46.47,0,-15,23,87
687,-8.5212,46.2136,0,-8.87,46.36,0,-14,52,58
687,-8.5212,46.2136,0,-8.87,46.36,0,-14,52,58
688,-7.5624,46.1348,0,-7.94,46.23,0,-12,1,78
688,-7.5624,46.1348,0,-7.94,46.23,0,-12,1,78
689,-7.0336,46.0412,0,-7.06,46.07,0,-11,30,25
689,-7.0336,46.0412,0,-7.06,46.07,0,-11,30,25
690,-6.2848,45.5548,0,-6.48,45.93,0,-10,27,24
690,-6.2848,45.5548,0,-6.48,45.93,0,-10,27,24
691,-5.3712,45.4312,0,-5.62,45.72,0,-9,45,57
691,-5.3712,45.4312,0,-5.62,45.72,0,-9,45,57
692,-4.5736,45.3412,0,-4.96,45.57,0,-8,44,45
692,-4.5736,45.3412,0,-4.96,45.57,0,-8,44,45
693,-4.0712,45.2024,0,-4.12,45.34,0,-7,62,57
693,-4.0712,45.2024,0,-4.12,45.34,0,-7,62,57
694,-3.2924,45.0412,0,-3.49,45.07,0,-6,60,15
694,-3.2924,45.0412,0,-3.49,45.07,0,-6,60,15
695,-2.5248,44.48,0,-2.88,44.8,0,-5,56,43
695,-2.5248,44.48,0,-2.88,44.8,0,-5,56,43
696,-2.15,44.2624,0,-2.25,44.44,0,-4,53,5
696,-2.15,44.2624,0,-2.25,44.44,0,-4,53,5
697,-1.2624,43.4912,0,-1.44,43.82,0,-3,66,75
697,-1.2624,43.4912,0,-1.44,43.82,0,-3,66,75
698,0.5512,43.21,0,-0.92,43.35,0,-2,42,98
698,0.5512,43.21,0,-0.92,43.35,0,-2,42,98
699,0.18,42.3936,0,-0.3,42.66,0,-1,45,42
699,0.18,42.3936,0,-0.3,42.66,0,-1,45,42
700,0.0636,42.0036,0,0.11,42.01,0,0,10,30
700,0.0636,42.0036,0,0.11,42.01,0,0,10,30
701,0.3336,41.12,0,0.56,41.2,0,0,61,76
701,0.3336,41.12,0,0.56,41.2,0,0,61,76
702,0.5812,40.2812,0,0.97,40.47,0,1,33,67
702,0.5812,40.2812,0,0.97,40.47,0,1,33,67
703,1.21,39.3824,0,1.35,39.64,0,2,5,21
703,1.21,39.3824,0,1.35,39.64,0,2,5,21
704,1.4348,38.4912,0,1.73,38.82,0,2,46,75
704,1.4348,38.4912,0,1.73,38.82,0,2,46,75
705,2,38.0636,0,2,38.11,0,3,0,8
705,2,38.0636,0,2,38.11,0,3,0,8
706,2.1648,37.0712,0,2.28,37.12,0,3,30,39
706,2.1648,37.0712,0,2.28,37.12,0,3,30,39
707,2.2812,36.0748,0,2.47,36.13,0,3,51,60
707,2.2812,36.0748,0,2.47,36.13,0,3,51,60
708,2.3748,35.09,0,2.63,35.15,0,3,71,51
709,1.5848,-6.1836,0,1.98,-6.31,0,2,75,75
709,1.5848,-6.1836,0,1.98,-6.31,0,2,75,75
710,1.3448,-5.1012,0,1.58,-5.17,0,2,26,96
711,1.3748,-3.5248,0,1.63,-3.88,0,2,30,59
712,1.2924,-2.4348,0,1.49,-2.73,0,2,12,81
713,1.2324,-1.3224,0,1.39,-1.54,0,2,3,66
714,1.0524,0.3224,0,1.09,-0.54,0,1,53,6
715,1.0224,0.36,0,1.04,0.6,0,1,44,48
716,1,1.45,0,1,1.75,0,1,46,0
717,1,2.5324,0,1,2.89,0,1,47,1
718,0.51,4.1724,0,0.85,4.29,0,1,22,23
719,0.0336,5.1348,0,0.06,5.23,0,0,1,78
720,0.2812,6.2248,0,0.47,6.38,0,0,53,60
721,2.1348,6.5812,0,2.23,6.97,0,3,27,77
722,2.2024,7.5736,0,2.34,7.96,0,3,47,6
723,2.2736,8.5736,0,2.46,8.96,0,3,57,56
724,2.3448,9.57,0,2.58,9.95,0,3,67,95
725,0,0,0,2.56,10.94,0,0,0,0
726,0,0,0,2.69,11.93,0,0,0,0
727,0,0,0,2.84,12.92,0,0,0,0
728,0,0,0,3,13.91,0,0,0,0
729,0,0,0,3.17,14.89,0,0,0,0
730,0,0,0,3.37,15.87,0,0,0,0
731,0,0,0,3.59,16.85,0,0,0,0
732,0,0,0,3.85,17.81,0,0,0,0
733,0,0,0,4.17,18.76,0,0,0,0
734,0,0,0,4.57,19.68,0,0,0,0
735,0,0,0,5.1,20.53,0,0,0,0
736,0,0,0,5.82,21.23,0,0,0,0
737,6.4312,21.42,0,6.72,21.7,0,10,5,65
738,7.4312,21.4948,0,7.72,21.83,0,11,46,66
739,9.0636,22.5248,0,9.11,22.88,0,13,57,30
740,9.4612,22.0224,0,9.77,22.04,0,14,50,23
741,10.45,21.5212,0,10.75,21.87,0,16,16,9
742,10.4836,21.2136,0,10.81,21.36,0,16,12,78
743,11.42,20.4236,0,11.7,20.71,0,17,45,46
743,11.42,20.4236,0,11.7,20.71,0,17,45,46
744,11.48,0,0,11.8,20.65,0,17,55,62
745,11.48,0,0,11.8,20.65,0,17,55,62
745,11.48,0,0,11.8,20.65,0,17,55,62
746,12.2548,19.5848,0,12.43,19.98,0,18,57,18
746,12.2548,19.5848,0,12.43,19.98,0,18,57,18
747,13.0224,19.1948,0,13.04,19.33,0,19,42,46
747,13.0224,19.1948,0,13.04,19.33,0,19,42,46
748,13.4124,18.3412,0,13.69,18.57,0,20,44,25
748,13.4124,18.3412,0,13.69,18.57,0,20,44,25
749,14.1948,17.54,0,14.33,17.9,0,21,37,91
749,14.1948,17.54,0,14.33,17.9,0,21,37,91
750,14.57,17.1236,0,14.95,17.21,0,22,31,46
750,14.57,17.1236,0,14.95,17.21,0,22,31,46
751,15.3336,16.3,0,15.56,16.5,0,23,24,70
751,15.3336,16.3,0,15.56,16.5,0,23,24,70
752,16.12,15.4948,0,16.2,15.83,0,24,26,46
752,16.12,15.4948,0,16.2,15.83,0,24,26,46
753,16.4912,15.0824,0,16.82,15.14,0,25,11,81
753,16.4912,15.0824,0,16.82,15.14,0,25,11,81
754,17.2848,14.2248,0,17.48,14.38,0,26,13,70
754,17.2848,14.2248,0,17.48,14.38,0,26,13,70
755,18.0636,13.39,0,18.11,13.65,0,27,15,32
755,18.0636,13.39,0,18.11,13.65,0,27,15,32
756,18.4312,12.5436,0,18.72,12.91,0,28,7,62
756,18.4312,12.5436,0,18.72,12.91,0,28,7,62
757,19.18,12.12,0,19.3,12.2,0,28,71,65
757,19.18,12.12,0,19.3,12.2,0,28,71,65
758,19.51,11.3036,0,19.85,11.51,0,29,64,20
758,19.51,11.3036,0,19.85,11.51,0,29,64,20
759,20.2212,10.5136,0,20.37,10.86,0,30,46,48
759,20.2212,10.5136,0,20.37,10.86,0,30,46,48
760,20.51,10.1048,0,20.85,10.18,0,31,21,24
760,20.51,10.1048,0,20.85,10.18,0,31,21,24
761,21.18,9.3224,0,21.3,9.54,0,31,74,63
761,21.18,9.3224,0,21.3,9.54,0,31,74,63
762,21.4124,8.5212,0,21.69,8.87,0,32,46,29
762,21.4124,8.5212,0,21.69,8.87,0,32,46,29
763,22.0524,8.1048,0,22.09,8.18,0,33,11,4
763,22.0524,8.1048,0,22.09,8.18,0,33,11,4
764,22.2548,7.2212,0,22.43,7.37,0,33,52,19
764,22.2548,7.2212,0,22.43,7.37,0,33,52,19
765,22.42,6.33,0,22.7,6.55,0,34,4,43
765,22.42,6.33,0,22.7,6.55,0,34,4,43
766,22.5736,5.4836,0,22.96,5.81,0,34,36,54
766,22.5736,5.4836,0,22.96,5.81,0,34,36,54
767,23.0824,4.5512,0,23.14,4.92,0,34,57,63
768,2.3748,35.09,0,2.63,35.15,0,3,71,51
768,2.3748,35.09,0,2.63,35.15,0,3,71,51
769,2.5212,34.15,0,2.87,34.25,0,4,22,40
769,2.5212,34.15,0,2.87,34.25,0,4,22,40
770,3.0712,33.18,0,3.12,33.3,0,4,52,43
770,3.0712,33.18,0,3.12,33.3,0,4,52,43
771,3.2512,32.21,0,3.42,32.35,0,5,12,8
771,3.2512,32.21,0,3.42,32.35,0,5,12,8
772,3.446,31.3,0,3.75,31.5,0,5,44,90
772,3.446,31.3,0,3.75,31.5,0,5,44,90
773,4.0448,30.3636,0,4.08,30.61,0,6,4,98
773,4.0448,30.3636,0,4.08,30.61,0,6,4,98
774,4.3036,29.4312,0,4.51,29.72,0,6,65,17
774,4.3036,29.4312,0,4.51,29.72,0,6,65,17
775,4.5624,28.5248,0,4.94,28.88,0,7,37,20
775,4.5624,28.5248,0,4.94,28.88,0,7,37,20
776,0,28.1312,0,5.3,28.22,0,7,71,67
776,0,28.1312,0,5.3,28.22,0,7,71,67
777,5.4912,27.2812,0,5.82,27.47,0,8,53,87
777,5.4912,27.2812,0,5.82,27.47,0,8,53,87
778,6.2512,26.45,0,6.42,26.75,0,9,56,0
778,6.2512,26.45,0,6.42,26.75,0,9,56,0
779,7.09,25.5212,0,7.15,25.87,0,10,56,89
779,7.09,25.5212,0,7.15,25.87,0,10,56,89
780,7.48,25.0524,0,7.8,25.09,0,11,50,67
780,7.48,25.0524,0,7.8,25.09,0,11,50,67
781,8.2812,24.2436,0,8.47,24.41,0,12,53,62
781,8.2812,24.2436,0,8.47,24.41,0,12,53,62
782,9.0936,23.4048,0,9.16,23.68,0,13,55,94
782,9.0936,23.4048,0,9.16,23.68,0,13,55,94
783,9.5136,22.5812,0,9.86,22.97,0,14,67,37
783,9.5136,22.5812,0,9.86,22.97,0,14,67,37
784,10.2436,22.1912,0,10.41,22.32,0,15,42,95
784,10.2436,22.1912,0,10.41,22.32,0,15,42,95
785,11.09,21.2512,0,11.15,21.42,0,16,53,83
785,11.09,21.2512,0,11.15,21.42,0,16,53,83
786,11.48,0,0,11.8,20.65,0,17,55,62
787,23.0824,4.5512,0,23.14,4.92,0,34,57,63
787,23.0824,4.5512,0,23.14,4.92,0,34,57,63
788,23.1836,3.5548,0,23.31,3.93,0,34,77,74
788,23.1836,3.5548,0,23.31,3.93,0,34,77,74
789,23.2436,3.0148,0,23.41,3.03,0,35,0,92
789,23.2436,3.0148,0,23.41,3.03,0,35,0,92
790,0,2.0748,0,23.45,2.13,0,35,11,40
790,0,2.0748,0,23.45,2.13,0,35,11,40
791,23.2624,1.0748,0,23.44,1.13,0,35,11,20
791,23.2624,1.0748,0,23.44,1.13,0,35,11,20
792,23.2136,0.0824,0,23.36,0.14,0,35,1,31
792,23.2136,0.0824,0,23.36,0.14,0,35,1,31
793,23.1948,0.4724,0,23.33,-0.79,0,34,71,96
793,23.1948,0.4724,0,23.33,-0.79,0,34,71,96
794,23.0224,-2.0636,0,23.04,-2.11,0,34,47,41
794,23.0224,-2.0636,0,23.04,-2.11,0,34,47,41
795,22.45,-3.0412,0,22.75,-3.07,0,34,17,4
795,22.45,-3.0412,0,22.75,-3.07,0,34,17,4
796,22.2812,-3.5812,0,22.47,-3.97,0,33,50,62
796,22.2812,-3.5812,0,22.47,-3.97,0,33,50,62
797,22,-4.5924,0,22,-4.99,0,33,0,0
797,22,-4.5924,0,22,-4.99,0,33,0,0
798,21.3112,-6.06,0,21.52,-6.1,0,32,27,22
798,21.3112,-6.06,0,21.52,-6.1,0,32,27,22
799,21.0036,-6.5848,0,21.01,-6.98,0,31,40,11
799,21.0036,-6.5848,0,21.01,-6.98,0,31,40,11
800,20.33,-7.48,0,20.55,-7.8,0,30,61,66
800,20.33,-7.48,0,20.55,-7.8,0,30,61,66
801,20,-8.4048,0,20,-8.68,0,30,2,5
801,20,-8.4048,0,20,-8.68,0,30,2,5
802,19.24,-9.4048,0,19.4,-9.68,0,29,2,85
802,19.24,-9.4048,0,19.4,-9.68,0,29,2,85
803,18.4724,-10.3824,0,18.79,-10.64,0,28,12,48
803,18.4724,-10.3824,0,18.79,-10.64,0,28,12,48
804,18.1424,-11.1424,0,18.24,-11.24,0,27,26,80
804,18.1424,-11.1424,0,18.24,-11.24,0,27,26,80
805,17.3336,-11.5512,0,17.56,-11.92,0,26,20,76
805,17.3336,-11.5512,0,17.56,-11.92,0,26,20,76
806,16.5624,-12.3636,0,16.94,-12.61,0,25,33,21
807,6.05312,-15.3,0,6.092,-15.5,0,9,14,10
807,6.05312,-15.3,0,6.092,-15.5,0,9,14,10
808,5.1912,-15.0412,0,5.32,-15.07,0,7,77,84
808,5.1912,-15.0412,0,5.32,-15.07,0,7,77,84
809,4.4048,0,0,4.68,-14.6,0,7,3,11
809,4.4048,0,0,4.68,-14.6,0,7,3,11
810,4.1424,-14.0148,0,4.24,-14.03,0,6,27,87
810,4.1424,-14.0148,0,4.24,-14.03,0,6,27,87
811,3.5324,-13.3224,0,3.89,-13.54,0,5,63,66
811,3.5324,-13.3224,0,3.89,-13.54,0,5,63,66
812,3.3336,-13,0,3.56,-13,0,5,20,70
812,3.3336,-13,0,3.56,-13,0,5,20,70
813,3.1536,-12.24,0,3.26,-12.4,0,4,74,17
813,3.1536,-12.24,0,3.26,-12.4,0,4,74,17
814,3.0224,-11.48,0,3.04,-11.8,0,4,41,45
814,3.0224,-11.48,0,3.04,-11.8,0,4,41,45
815,2.5136,-11.12,0,2.86,-11.2,0,4,26,34
815,2.5136,-11.12,0,2.86,-11.2,0,4,26,34
816,2.4124,-10.27,0,2.69,-10.45,0,4,4,24
816,2.4124,-10.27,0,2.69,-10.45,0,4,4,24
817,2.3148,-9.51,0,2.53,-9.85,0,3,61,32
817,2.3148,-9.51,0,2.53,-9.85,0,3,61,32
818,2.21,0,0,2.35,-9.05,0,3,47,25
818,2.21,0,0,2.35,-9.05,0,3,47,25
819,2.1312,-8.03,0,2.22,-8.05,0,3,27,65
819,2.1312,-8.03,0,2.22,-8.05,0,3,27,65
820,2.06,-7.0636,0,2.1,-7.11,0,3,17,21
820,2.06,-7.0636,0,2.1,-7.11,0,3,17,21
821,1.5418,-6.00144,0,1.905,-6.004,0,2,67,89
822,16.5624,-12.3636,0,16.94,-12.61,0,25,33,21
822,16.5624,-12.3636,0,16.94,-12.61,0,25,33,21
823,16.18,-13.1048,0,16.3,-13.18,0,24,36,65
823,16.18,-13.1048,0,16.3,-13.18,0,24,36,65
824,15.4948,-13.3712,0,15.83,-13.62,0,23,53,90
824,15.4948,-13.3712,0,15.83,-13.62,0,23,53,90
825,15.1424,-14.0148,0,15.24,-14.03,0,22,67,87
825,15.1424,-14.0148,0,15.24,-14.03,0,22,67,87
826,14.26024,0,0,14.434,-14.6,0,21,53,21
826,14.26024,0,0,14.434,-14.6,0,21,53,21
827,13.5212,-14.4912,0,13.87,-14.82,0,20,61,44
827,13.5212,-14.4912,0,13.87,-14.82,0,20,61,44
828,13.1348,-15.0524,0,13.23,-15.09,0,19,67,72
828,13.1348,-15.0524,0,13.23,-15.09,0,19,67,72
829,12.4348,-15.1836,0,12.73,-15.31,0,19,5,75
829,12.4348,-15.1836,0,12.73,-15.31,0,19,5,75
830,12.05312,-15.35132,0,12.092,-15.587,0,18,13,13
830,12.05312,-15.35132,0,12.092,-15.587,0,18,13,13
831,11.2624,-15.4536,0,11.44,-15.76,0,17,11,29
831,11.2624,-15.4536,0,11.44,-15.76,0,17,11,29
832,10.4836,-15.5548,0,10.81,-15.93,0,16,10,75
832,10.4836,-15.5548,0,10.81,-15.93,0,16,10,75
833,10.1012,-16.0112,0,10.17,-16.02,0,15,27,8
833,10.1012,-16.0112,0,10.17,-16.02,0,15,27,8
834,9.3412,-16.0712,0,9.57,-16.12,0,14,27,80
834,9.3412,-16.0712,0,9.57,-16.12,0,14,27,80
835,8.5512,-16.06,0,8.92,-16.1,0,13,37,1
835,8.5512,-16.06,0,8.92,-16.1,0,13,37,1
836,8.1048,-16.0148,0,8.18,-16.03,0,12,27,17
836,8.1048,-16.0148,0,8.18,-16.03,0,12,27,17
837,0,-15.5624,0,7.45,-15.94,0,11,10,44
837,0,-15.5624,0,7.45,-15.94,0,11,10,44
838,6.5024,-15.4536,0,6.84,-15.76,0,10,21,9
838,6.5024,-15.4536,0,6.84,-15.76,0,10,21,9
839,6.0636,-15.3,0,6.11,-15.5,0,9,14,30
840,-236.03,123.2848,0,-236.05,123.48,0,-35523,73,48
840,-236.03,123.2848,0,-236.05,123.48,0,-35523,73,48
841,-236.5324,123.3112,0,-236.89,123.52,0,-35623,54,31
841,-236.5324,123.3112,0,-236.89,123.52,0,-35623,54,31
842,-237.5548,123.3412,0,-237.93,123.57,0,-35723,4,85
842,-237.5548,123.3412,0,-237.93,123.57,0,-35723,4,85
843,-238.5212,123.3636,0,-238.87,123.61,0,-35923,54,58
843,-238.5212,123.3636,0,-238.87,123.61,0,-35923,54,58
844,-239.5136,0,0,-239.86,123.65,0,-36023,15,62
844,-239.5136,0,0,-239.86,123.65,0,-36023,15,62
845,-240.506,123.4048,0,-240.85,123.68,0,-36223,55,84
845,-240.506,123.4048,0,-240.85,123.68,0,-36223,55,84
846,-241.5024,123.4236,0,-241.84,123.71,0,-36323,15,96
846,-241.5024,123.4236,0,-241.84,123.71,0,-36323,15,96
847,-242.4948,123.4724,0,-242.83,123.79,0,-36523,66,3
847,-242.4948,123.4724,0,-242.83,123.79,0,-36523,66,3
848,-243.4912,123.5136,0,-243.82,123.86,0,-36623,26,18
848,-243.4912,123.5136,0,-243.82,123.86,0,-36623,26,18
849,-244.4912,123.5548,0,-244.82,123.93,0,-36823,67,14
849,-244.4912,123.5548,0,-244.82,123.93,0,-36823,67,14
850,-245.4836,123.57,0,-245.81,123.95,0,-36923,27,26
850,-245.4836,123.57,0,-245.81,123.95,0,-36923,27,26
851,-246.4836,124,0,-246.81,124,0,-37124,60,20
851,-246.4836,124,0,-246.81,124,0,-37124,60,20
852,-247.48,124.03,0,-247.8,124.05,0,-37224,20,43
852,-247.48,124.03,0,-247.8,124.05,0,-37224,20,43
853,-248.476,124.0824,0,-248.8,124.14,0,-37424,61,41
853,-248.476,124.0824,0,-248.8,124.14,0,-37424,61,41
854,-249.4724,124.1312,0,-249.79,124.22,0,-37524,21,57
854,-249.4724,124.1312,0,-249.79,124.22,0,-37524,21,57
855,-250.4724,124.1724,0,-250.79,124.29,0,-37724,62,53
855,-250.4724,124.1724,0,-250.79,124.29,0,-37724,62,53
856,-251.4724,124.21,0,-251.79,124.35,0,-37824,22,57
856,-251.4724,124.21,0,-251.79,124.35,0,-37824,22,57
857,-252.4724,124.2324,0,-252.79,124.39,0,-38024,63,51
857,-252.4724,124.2324,0,-252.79,124.39,0,-38024,63,51
858,-253.4724,124.2812,0,-253.79,124.47,0,-38124,23,57
858,-253.4724,124.2812,0,-253.79,124.47,0,-38124,23,57
859,-254.4724,124.3148,0,-254.79,124.53,0,-38324,64,52
859,-254.4724,124.3148,0,-254.79,124.53,0,-38324,64,52
860,-255.4724,124.3412,0,-255.79,124.57,0,-38424,24,55
860,-255.4724,124.3412,0,-255.79,124.57,0,-38424,24,55
861,-256.4724,124.3524,0,-256.79,124.59,0,-38624,64,57
861,-256.4724,124.3524,0,-256.79,124.59,0,-38624,64,57
862,-257.4724,124.4048,0,-257.79,124.68,0,-38724,25,54
862,-257.4724,124.4048,0,-257.79,124.68,0,-38724,25,54
863,-258.4648,124.3824,0,-258.78,124.64,0,-38924,65,61
863,-258.4648,124.3824,0,-258.78,124.64,0,-38924,65,61
864,-259.4612,124.3112,0,-259.77,124.52,0,-39024,24,71
864,-259.4612,124.3112,0,-259.77,124.52,0,-39024,24,71
865,-260.4536,124.15,0,-260.76,124.25,0,-39224,62,80
865,-260.4536,124.15,0,-260.76,124.25,0,-39224,62,80
866,-261.4424,124,0,-261.74,124,0,-39324,30,10
866,-261.4424,124,0,-261.74,124,0,-39324,30,10
867,-262.27,123.4724,0,-262.45,123.79,0,-39423,26,63
867,-262.27,123.4724,0,-262.45,123.79,0,-39423,26,63
868,-263.21,123.2848,0,-263.35,123.48,0,-39623,73,78
868,-263.21,123.2848,0,-263.35,123.48,0,-39623,73,78
869,-264.1648,0,0,-264.28,123.05,0,-39723,40,64
869,-264.1648,0,0,-264.28,123.05,0,-39723,40,64
870,-264.5512,122.42,0,-264.92,122.7,0,-39822,45,96
870,-264.5512,122.42,0,-264.92,122.7,0,-39822,45,96
871,-265.4048,122.1348,0,-265.68,122.23,0,-39922,31,88
871,-265.4048,122.1348,0,-265.68,122.23,0,-39922,31,88
872,-266.2924,121.3824,0,-266.49,121.64,0,-40021,25,11
872,-266.2924,121.3824,0,-266.49,121.64,0,-40021,25,11
873,-267.1348,120.5848,0,-267.23,120.98,0,-40120,17,28
873,-267.1348,120.5848,0,-267.23,120.98,0,-40120,17,28
874,-267.5436,120.1424,0,-267.91,120.24,0,-40220,11,9
874,-267.5436,120.1424,0,-267.91,120.24,0,-40220,11,9
875,-268.2848,119.3336,0,-268.48,119.56,0,-40319,24,24
875,-268.2848,119.3336,0,-268.48,119.56,0,-40319,24,24
876,-269.0412,118.4312,0,-269.07,118.72,0,-40418,35,17
876,-269.0412,118.4312,0,-269.07,118.72,0,-40418,35,17
877,-269.36,117.4424,0,-269.6,117.74,0,-40517,45,79
877,-269.36,117.4424,0,-269.6,117.74,0,-40517,45,79
878,-270.0036,116.4948,0,-270.01,116.83,0,-40616,76,86
878,-270.0036,116.4948,0,-270.01,116.83,0,-40616,76,86
879,-270.2436,115.5324,0,-270.41,115.89,0,-40615,37,1
879,-270.2436,115.5324,0,-270.41,115.89,0,-40615,37,1
880,-270.4236,114.5624,0,-270.71,114.94,0,-40714,77,45
880,-270.4236,114.5624,0,-270.71,114.94,0,-40714,77,45
881,-270.5812,113.5812,0,-270.97,113.97,0,-40713,47,37
881,-270.5812,113.5812,0,-270.97,113.97,0,-40713,47,37
882,-271.1348,113.0524,0,-271.23,113.09,0,-40713,10,27
882,-271.1348,113.0524,0,-271.23,113.09,0,-40713,10,27
883,-271.3,112.0636,0,-271.5,112.11,0,-40812,60,8
883,-271.3,112.0636,0,-271.5,112.11,0,-40812,60,8
884,-271.4048,111.1012,0,-271.68,111.17,0,-40811,31,83
884,-271.4048,111.1012,0,-271.68,111.17,0,-40811,31,83
885,-271.4724,110.1012,0,-271.79,110.17,0,-40810,21,53
885,-271.4724,110.1012,0,-271.79,110.17,0,-40810,21,53
886,-271.5512,109.1012,0,-271.92,109.17,0,-40809,1,93
886,-271.5512,109.1012,0,-271.92,109.17,0,-40809,1,93
887,-272.0148,108.1048,0,-272.03,108.18,0,-40908,71,64
887,-272.0148,108.1048,0,-272.03,108.18,0,-40908,71,64
888,-272.0636,107.1048,0,-272.11,107.18,0,-40907,61,64
888,-272.0636,107.1048,0,-272.11,107.18,0,-40907,61,64
889,-272.0712,106.5324,0,-272.12,106.89,0,-40906,67,51
890,0.23528,37.23024,-2.352,0.398,37.384,0,0,43,70
890,0.23528,37.23024,-2.352,0.398,37.384,0,0,43,70
891,-2.06432,-2.52264,-2.352,-2.112,-2.874,0,-4,61,60
892,-3.41456,-25.13264,-2.352,-3.696,-25.224,0,-6,36,62
893,-2.03252,-27.16084,-2.352,-2.057,-27.269,0,-4,75,38
894,-1.10012,-28.25264,-2.352,-1.167,-28.424,0,-2,14,96
895,1.00396,-28.27576,-2.352,1.011,-28.466,0,1,44,12
896,2.37192,-28.33144,-2.352,2.622,-28.554,0,3,73,45
897,5.28156,-28.31516,-2.352,5.471,-28.531,0,8,13,67
898,6.5306,-13.15468,-2.352,6.885,-13.263,0,10,25,68
899,5.37588,-12.31228,-2.352,5.633,-12.523,0,8,33,58
900,6.223,14.11312,-2.352,6.375,14.192,0,9,41,55
901,7.18144,16.30144,-2.352,7.304,16.504,0,10,74,60
902,7.4312,30.1554,-2.352,7.72,30.265,0,11,42,61
903,10.18396,66.53024,-2.352,10.311,66.884,0,15,37,70
904,11.31588,84.3806,-2.352,11.533,84.635,0,17,25,30
905,12.0242,96.49048,-2.352,12.045,96.818,0,18,6,55
906,11.19408,102.53132,-2.352,11.328,102.887,0,1602,77,90
907,11.41456,116.373,-2.352,11.696,116.625,0,1716,45,30
908,8.57108,-13.14132,-2.846,8.953,-13.237,0,13,36,41
908,8.57108,-13.14132,-2.846,8.953,-13.237,0,13,36,41
909,6.38204,-13.15108,-2.846,6.639,-13.253,0,9,75,69
910,5.1612,-28.1254,-2.846,5.27,-28.215,0,7,76,22
911,7.38204,-26.45324,-2.846,7.639,-26.759,0,11,31,69
912,20.27,-15.0412,-2.846,20.45,-15.07,0,30,57,44
913,22.4818,-15.10552,-2.846,22.805,-15.182,0,34,16,65
914,23.14096,-10.18144,-2.846,23.236,-10.304,0,34,65,85
915,25.58156,-6.25552,-2.846,25.971,-6.432,0,38,74,65
916,-6.32168,104.07048,-1.118,-6.538,104.118,0,-1004,10,59
916,-6.32168,104.07048,-1.118,-6.538,104.118,0,-1004,10,59
917,6.05312,100.53456,-1.118,6.092,100.896,0,900,17,11
918,11.45216,116.14528,-1.118,11.756,116.248,0,1716,51,9
919,-19.43552,117.07012,-1.118,-19.732,117.117,0,-3017,30,29
920,-20.35528,114.57,-1.118,-20.598,114.95,0,-3114,7,86
921,-35.0224,115.00108,-1.118,-35.04,115.003,0,-5315,30,50
922,-58.0806,117.08564,-1.118,-58.135,117.149,0,-8817,61,31
923,-116.463,120.31192,-1.118,-116.775,120.522,0,-17620,64,61
924,-176.58228,124.48,-1.118,-176.973,124.8,0,-26624,46,33
925,-233.18432,127.27144,-1.118,-233.312,127.454,0,-35027,3,26
926,-263.15252,134.44096,-1.118,-263.257,134.736,0,-39534,5,98
927,-275.21,127.17132,-1.118,-275.35,127.287,0,-41427,72,82
928,-261.40084,118.1124,-1.118,-261.669,118.19,0,-39318,31,95
929,-216.03396,115.24108,-1.118,-216.061,115.403,0,-32515,73,22
930,-216.06396,117.34588,-1.118,-216.111,117.583,0,-32517,64,66
931,-184.43012,116.0748,-1.118,-184.717,116.13,0,-27816,71,30
932,-158.13372,114.53096,-1.118,-158.227,114.886,0,-23814,57,20
933,-280.43552,92.11204,-3.429,-280.732,92.189,0,-422,71,25
933,-280.43552,92.11204,-3.429,-280.732,92.189,0,-422,71,25
934,-281.33504,111.48252,-3.429,-281.564,111.807,0,-42311,56,24
935,-275.15576,127.26096,-3.429,-275.266,127.436,0,-41327,3,84
936,-262.07048,118.39108,-3.429,-262.118,118.653,0,-39418,65,52
937,-143.06216,58.53564,-1.718,-143.106,58.899,0,-215,27,71
937,-143.06216,58.53564,-1.718,-143.106,58.899,0,-215,27,71
938,-122.18324,58.30144,-1.718,-122.309,58.504,0,-184,44,20
939,-87.27324,56.24432,-1.718,-87.459,56.412,0,-132,63,42
940,-15.553,52.00108,-1.718,-15.925,52.003,0,-24,0,80
941,2.38348,51.5306,-1.718,2.643,51.885,0,3,77,70
942,1.09432,40.16588,-1.718,1.162,40.283,0,1,52,92
943,-89.31156,107.19336,-1.714,-89.521,107.326,0,-13507,52,76
944,-89.30288,109.04372,-1.714,-89.508,109.077,0,-13509,50,96
945,-98.09,109.28588,-1.714,-98.15,109.483,0,-14809,63,28
946,-132.07228,111.58336,-1.714,-132.123,111.976,0,-19911,67,58
947,-3.30504,0.09036,-1.714,-3.514,0.151,0,-6,51,82
948,-2.37012,7.28588,-1.714,-2.617,7.483,0,-4,3,58
952,-6.3636,104.00108,-1.714,-6.61,104.003,0,-1004,0,60
953,-89.09252,109.03144,-1.714,-89.157,109.054,0,-13409,20,14
954,3.44096,80.31084,-1.637,3.736,80.519,0,5,44,81
955,3.42396,80.313,0.412,3.711,80.525,0,5,44,52
956,3.44096,80.31084,0.132,3.736,80.519,0,5,44,81
957,3.44096,80.31084,-0.148,3.736,80.519,0,5,44,81
958,3.53456,78.10516,0.252,3.896,78.181,0,5,61,74
959,11.11312,77.4218,0.252,11.192,77.705,0,16,65,36
960,-3.08096,-2.5024,-1.714,-3.136,-2.84,0,-5,21,32
961,-3.43192,-3.42504,-1.714,-3.722,-3.714,0,-6,32,32
977,-1.56492,16.58444,-1.714,-1.947,16.979,0,-3,7,68
998,0.33072,38.09396,-1.714,-0.552,38.161,0,-1,11,32
999,20.27468,-15.16264,-2.976,20.463,-15.274,0,30,55,58
1000,22.54576,-15.2024,-2.976,22.916,-15.34,0,34,25,92
1001,17.13516,-17.54504,-2.976,17.231,-17.914,0,25,60,76
1002,13.59564,-20.51144,-2.976,13.999,-20.854,0,20,71,91
1003,10.46012,-23.47384,-2.976,10.767,-23.794,0,16,11,26
1004,7.3206,-26.44024,-2.976,7.535,-26.734,0,11,22,41
1005,4.25156,-28.36576,-2.976,4.421,-28.616,0,6,53,0
1006,8.17456,37.44024,0.329,8.296,37.734,0,12,35,58
1007,7.5118,30.16408,0.329,7.855,30.278,0,11,62,22
1008,8.39216,43.04408,0.329,8.656,43.078,0,12,70,86
1009,9.39144,56.33396,0.329,9.654,56.561,0,14,34,84
1010,10.36072,70.35384,0.329,10.602,70.594,0,15,74,27
1011,11.36,84.37372,0.329,11.6,84.627,0,17,35,20
1012,12.07156,96.5042,0.329,12.121,96.845,0,18,16,47
1013,-4.25516,-24.58012,-1.714,-4.431,-24.967,0,-7,20,82
1014,-277.53276,68.01552,-0.102,-277.891,68.032,0,-417,10,32
1015,-272.1554,57.2306,-0.102,-272.265,57.385,0,-409,43,80
1016,-282.00144,78.03252,-0.102,-282.004,78.057,0,-424,70,94
1017,-280.5154,92.10588,-0.102,-280.865,92.183,0,-422,51,64
1018,-281.41168,111.52408,-0.102,-281.688,111.878,0,-42311,37,70
1019,-275.25228,127.31228,-0.102,-275.423,127.523,0,-41427,64,91
1020,-263.2006,135.00144,-0.102,-263.335,135.004,0,-39635,70,90
1021,-19.553,117.15432,-0.956,-19.925,117.262,0,-3017,2,90
1022,4.11168,116.44348,-0.956,4.188,116.743,0,616,25,29
1023,-20.4048,115.0824,-0.956,-20.68,115.14,0,-3215,71,81
1024,-24.33108,115.1724,-0.956,-24.553,115.29,0,-3715,12,33
1025,-35.1124,115.16516,-0.956,-35.19,115.281,0,-5315,12,72
1026,-60.56276,117.29312,-0.956,-60.941,117.492,0,-9217,43,79
1027,-89.58084,119.103,-0.956,-89.969,119.175,0,-13519,1,33
1028,-119.16228,120.54468,-0.956,-119.273,120.913,0,-17920,7,73
1029,-176.20168,124.50132,-0.956,-176.338,124.837,0,-26524,36,96
1030,-233.10444,127.47276,-0.956,-233.179,127.791,0,-35027,16,83
1031,-262.48432,134.5024,-0.956,-262.812,134.84,0,-39534,66,27
1032,-156.43228,114.29492,-1.714,-156.723,114.497,0,-23614,73,39
1033,-215.49084,117.25228,-1.714,-215.819,117.423,0,-32417,23,13
1034,-215.47384,115.09432,-1.714,-215.794,115.162,0,-32415,21,42
1035,-261.3654,118.05132,-1.714,-261.615,118.087,0,-39318,40,66
1036,-264.36,69.35168,-1.714,-264.6,69.588,0,-397,4,77
1037,-234.54288,67.5418,-1.714,-234.908,67.905,0,-353,57,12
1038,-232.14132,65.48108,-1.714,-232.237,65.803,0,-349,56,14
1039,-221.48576,65.03468,-1.714,-221.816,65.063,0,-333,20,25
1040,-146.25408,60.15108,-1.714,-146.428,60.253,0,-220,22,80
1041,-144.59564,59.28336,-1.714,-144.999,59.476,0,-218,43,8
1042,-143.07588,59.02564,-1.714,-143.133,59.049,0,-215,20,43
1043,-131.3018,59.03576,-1.714,-131.505,59.066,0,-198,50,95
1044,-118.5548,58.38456,-1.714,-118.93,58.646,0,-179,45,81
1045,-105.5042,57.47204,-1.714,-105.845,57.789,0,-159,16,83
1046,-76.0018,56.07516,-1.714,-76.005,56.131,0,-115,71,90
1047,-45.56456,54.10552,-1.714,-45.946,54.182,0,-69,1,64
1048,-15.53132,52.0936,-1.714,-15.887,52.16,0,-24,11,32
1049,2.26528,52.07552,-1.714,2.448,52.132,0,3,51,30
1050,4.1854,78.31516,-1.714,4.315,78.531,0,6,34,72
1051,5.50456,100.49408,-1.714,5.846,100.828,0,800,66,16
1052,-6.14384,103.58192,-1.714,-6.244,103.972,0,-1003,57,7
1053,-261.40084,117.4536,-3.429,-261.669,117.76,0,-39317,36,90
1054,-252.58336,56.29492,-0.102,-252.976,56.497,0,-380,43,29
1055,-233.16336,55.24144,-0.102,-233.276,55.404,0,-350,3,62
1056,-207.1836,53.4142,-0.102,-207.31,53.695,0,-311,5,25
1057,-180.00324,51.46516,-0.102,-180.009,51.781,0,-271,76,82
1058,-148.35564,49.52012,-0.102,-148.599,49.867,0,-223,6,89
1059,-98.54108,46.3054,-0.102,-98.903,46.515,0,-149,54,11
1060,-49.12252,43.09468,-0.102,-49.207,43.163,0,-74,11,53
1061,-7.44312,40.47492,-0.102,-7.742,40.797,0,-12,36,3
1062,-1.43336,39.46192,-0.102,-1.726,39.772,0,-3,36,21
1064,-61.05384,43.37408,-1.718,-61.094,43.628,0,-92,25,80
1065,-120.57432,47.4818,-1.718,-120.962,47.805,0,-182,46,44
1066,-192.2906,52.47168,-1.718,-192.485,52.788,0,-289,26,13
1067,-1.30036,39.39288,-1.714,-1.501,39.658,0,-3,55,92
1068,12.08168,26.10156,0.329,12.138,26.171,0,18,11,63
1069,19.10084,5.21,-1.435,19.169,5.35,0,28,62,7
1070,10.07588,16.42,-1.435,10.133,16.7,0,15,15,55
1071,19.5306,1.15036,-1.435,19.885,1.251,0,29,62,60
1072,19.01012,-2.14528,-1.435,19.017,-2.248,0,28,46,20
1073,15.3506,-6.16444,-1.435,15.585,-6.279,0,23,35,7
1074,8.52408,-13.06288,-1.435,8.878,-13.108,0,13,27,51
1075,6.5548,-13.04228,-1.435,6.93,-13.073,0,10,37,14
1076,5.47528,-12.2436,-1.435,5.798,-12.41,0,8,54,57
1077,6.3054,14.12144,-1.435,6.515,14.204,0,9,61,16
1078,7.16372,16.1536,-1.435,7.277,16.26,0,10,72,30
1079,9.3618,17.12,-1.435,9.605,17.2,0,14,31,25
1080,16.5212,21.2436,0.329,16.87,21.41,0,25,23,42
1081,25.02096,11.46408,0.329,25.036,11.778,0,37,46,42
1082,26.09468,9.56528,0.329,26.163,9.948,0,39,17,95
1083,27.05024,7.2942,0.329,27.084,7.495,0,40,53,9
1084,27.48072,5.01444,0.329,27.802,5.029,0,41,50,62
1085,28.17204,1.45144,0.329,28.289,1.754,0,42,36,40
1086,27.47312,-2.06108,0.329,27.792,-2.103,0,41,57,51
1087,26.1348,-6.21576,0.329,26.23,-6.366,0,39,25,70
1088,23.22444,-10.24144,0.329,23.379,-10.404,0,35,4,57
1089,22.5436,-14.53528,0.329,22.91,-14.898,0,34,20,98
1090,6.1218,116.3936,-2.352,6.205,116.66,0,916,25,42
1091,-130.47132,112.13588,-1.118,-130.787,112.233,0,-19712,61,58
1092,-88.42108,109.26528,-1.118,-88.703,109.448,0,-13409,73,55
1093,-264.4218,69.25588,-3.429,-264.705,69.433,0,-398,73,54
1094,-261.31372,56.57504,-3.429,-261.527,56.964,0,-393,57,67
1095,-272.0936,57.40552,-3.429,-272.16,57.682,0,-409,65,4
1096,-1.25588,-28.34228,-2.976,-1.433,-28.573,0,-3,63,84
1097,-3.15216,-25.55372,-2.976,-3.256,-25.927,0,-5,0,95
1098,-4.20132,-25.13192,-2.976,-4.337,-25.222,0,-7,36,92
1099,-277.49156,68.0712,-3.429,-277.821,68.12,0,-417,20,19
1100,-281.493,78.0354,-3.429,-281.825,78.065,0,-423,20,15
1101,27.40336,-2.01228,-2.846,27.676,-2.023,0,41,47,18
1102,28.07372,1.45324,-2.846,28.127,1.759,0,42,16,50
1103,27.35348,5.00144,-2.846,27.593,5.004,0,41,30,10
1104,25.59024,9.51396,-2.846,25.984,9.861,0,38,76,88
1105,20.01264,1.15216,-2.846,20.024,1.256,0,30,2,20
1106,19.06324,-2.19588,-2.846,19.109,-2.333,0,28,55,33
1107,-233.2154,55.32456,-1.718,-233.365,55.546,0,-351,74,63
1108,-261.4124,56.5606,-1.718,-261.69,56.935,0,-393,37,74
1109,-265.01192,69.52588,-1.718,-265.022,69.883,0,-398,37,70
1110,-246.09,68.25408,-1.718,-246.15,68.428,0,-370,63,24
1111,-234.5924,67.47204,-1.718,-234.99,67.789,0,-353,46,13
1112,-232.163,65.39324,-1.718,-232.275,65.659,0,-349,45,62
1113,-222.05564,64.55408,-1.718,-222.099,64.928,0,-334,67,84
1114,-203.55264,63.48072,-1.718,-203.924,63.802,0,-306,6,94
1115,-185.04012,62.3524,-1.718,-185.067,62.59,0,-278,34,17
1116,-166.1236,61.22408,-1.718,-166.21,61.378,0,-250,53,40
1117,-146.33252,60.06576,-1.718,-146.557,60.116,0,-220,10,39
1118,-145.06576,59.18216,-1.718,-145.116,59.306,0,-218,22,64
1119,15.45,-6.16012,-2.846,15.75,-6.267,0,23,55,8
1120,9.31516,17.1518,-2.505,9.531,17.255,0,14,22,30
1120,9.31516,17.1518,-2.505,9.531,17.255,0,14,22,30
1121,7.09396,16.19444,-2.505,7.161,16.329,0,10,52,96
1122,7.45072,30.0824,-2.505,7.752,30.14,0,11,51,1
1123,16.45288,21.19156,-2.505,16.758,21.321,0,25,12,5
1124,24.54576,11.3806,-2.505,24.916,11.635,0,37,25,90
1125,26.01192,9.41456,-2.505,26.022,9.696,0,39,5,25
1126,20.00216,1.05384,-2.505,20.006,1.094,0,30,0,7
1127,19.13156,5.27108,-2.505,19.221,5.453,0,28,63,66
1128,10.12252,16.56528,-2.505,10.207,16.948,0,15,27,45
1129,11.24288,102.52228,0.329,11.408,102.873,0,1702,6,89
1130,11.42504,116.2642,0.329,11.714,116.445,0,1716,43,55
1131,4.19516,116.42432,0.329,4.331,116.712,0,616,35,96
1132,5.5642,100.36504,-2.352,5.945,100.614,0,800,74,39
1133,4.27468,78.30036,-2.352,4.463,78.501,0,6,54,50
1134,2.37228,52.06036,-2.352,2.623,52.101,0,3,70,48
1135,0.44384,40.2324,-2.352,-0.744,40.39,0,-2,73,1
1136,5,66.45432,-1.463,5,66.762,0,7,46,0
1136,5,66.45432,-1.463,5,66.762,0,7,46,0
1137,4.23348,66.47276,-1.463,4.393,66.791,0,6,46,73
1138,3.03576,66.49192,-1.463,3.066,66.822,0,4,46,75
1139,2.10336,53.40192,-1.463,2.176,53.672,0,3,25,13
1140,15.24324,53.35348,-1.463,15.409,53.593,0,23,4,97
1141,15.17168,66.29132,-1.463,15.288,66.487,0,22,73,48
1142,9.523,66.34228,-1.463,9.875,66.573,0,14,64,55
1143,9.32348,66.35204,-1.463,9.543,66.589,0,14,24,57
1144,9.12396,66.3618,-1.463,9.211,66.605,0,13,64,58
1145,8.52444,66.37156,-1.463,8.879,66.621,0,13,24,59
1146,8.32492,66.38132,-1.463,8.547,66.637,0,12,65,50
1147,8.1254,66.39108,-1.463,8.215,66.653,0,12,25,52
1148,7.52588,66.40084,-1.463,7.883,66.669,0,11,65,53
1149,7.33036,66.4106,-1.463,7.551,66.685,0,11,25,64
1150,7.13084,66.42036,-1.463,7.219,66.701,0,10,65,66
1151,6.53132,66.43012,-1.463,6.887,66.717,0,10,25,67
1152,6.3318,66.43588,-1.463,6.555,66.733,0,9,65,68
1153,6.13228,66.44564,-1.463,6.223,66.749,0,9,25,69
1154,5.53276,66.4554,-1.463,5.891,66.765,0,8,66,61
1155,5.33324,66.46516,-1.463,5.559,66.781,0,8,26,72
1156,5.13372,66.47492,-1.463,5.227,66.797,0,7,66,73
