rosbagTimestamp,header,seq,stamp,secs,nsecs,frame_id,computation_status,header,seq,stamp,secs,nsecs,frame_id,batch_size,t_op,app_flo,execution_time,required_flops,machine_availabel_flops,cav_vehicle_model_out,header,seq,stamp,secs,nsecs,frame_id,vehicle_states,x_1,x_2,x_3,x_4,x_5,x_6,x_7,vehicle_control_signals,u,w,pose,position,x,y,z,orientation,x,y,z,w,fuel_cost
3872552054,,17,,3,695558230,'',,,3,,0,0,'',10000.0,0.01,10000.0,0.615149,1000000.0,451999873.0,,,9,,3,512794462,'',,0.300000011921,0.300000011921,0.0500000007451,0.0,0.0,0.0,0.0,,0.0,0.0,,,0.300000011921,0.300000011921,0.0,,0.0,0.0,0.0249973962871,0.999687516266,0.00999999977648
3873402209,,18,,4,53200252,'',,,4,,0,0,'',10000.0,0.01,10000.0,0.636369,1000000.0,433372264.0,,,11,,3,872486659,'',,0.300000011921,0.300000011921,0.0500000007451,0.0,0.0,0.0,0.0,,0.0,0.0,,,0.300000011921,0.300000011921,0.0,,0.0,0.0,0.0249973962871,0.999687516266,0.00999999977648
4054364007,,19,,4,240311866,'',,,4,,0,0,'',10000.0,0.01,10000.0,0.636369,1000000.0,433372264.0,,,12,,4,53207139,'',,0.300000011921,0.300000011921,0.0500000007451,0.0,0.0,0.0,0.0,,0.0,0.0,,,0.300000011921,0.300000011921,0.0,,0.0,0.0,0.0249973962871,0.999687516266,0.00999999977648
4241556730,,20,,4,428690657,'',,,4,,0,0,'',10000.0,0.01,10000.0,0.636369,1000000.0,433372264.0,,,13,,4,240415001,'',,0.300000011921,0.300000011921,0.0500000007451,0.0,0.0,0.0,0.0,,0.0,0.0,,,0.300000011921,0.300000011921,0.0,,0.0,0.0,0.0249973962871,0.999687516266,0.00999999977648
4429646749,,21,,4,595844582,'',,,4,,0,0,'',10000.0,0.01,10000.0,0.636369,1000000.0,433372264.0,,,14,,4,428673846,'',,0.300000011921,0.300000011921,0.0500000007451,0.0,0.0,0.0,0.0,,0.0,0.0,,,0.300000011921,0.300000011921,0.0,,0.0,0.0,0.0249973962871,0.999687516266,0.00999999977648
4595844582,,22,,4,770849441,'',,,5,,0,0,'',10000.0,0.01,10000.0,0.601805,1000000.0,466937334.0,,,15,,4,594836437,'',,0.300000011921,0.300000011921,0.0500000007451,0.0,0.0,0.0,0.0,,0.0,0.0,,,0.300000011921,0.300000011921,0.0,,0.0,0.0,0.0249973962871,0.999687516266,0.00999999977648
4771744621,,23,,4,963533420,'',,,5,,0,0,'',10000.0,0.01,10000.0,0.601805,1000000.0,466937334.0,,,16,,4,770813292,'',,0.300000011921,0.300000011921,0.0500000007451,0.0,0.0,0.0,0.0,,0.0,0.0,,,0.300000011921,0.300000011921,0.0,,0.0,0.0,0.0249973962871,0.999687516266,0.00999999977648
4964502338,,24,,5,187574995,'',,,5,,0,0,'',10000.0,0.01,10000.0,0.601805,1000000.0,466937334.0,,,17,,4,963650781,'',,0.300000011921,0.300000011921,0.0500000007451,0.0,0.0,0.0,0.0,,0.0,0.0,,,0.300000011921,0.300000011921,0.0,,0.0,0.0,0.0249973962871,0.999687516266,0.00999999977648
5188739707,,25,,5,371589057,'',,,5,,0,0,'',10000.0,0.01,10000.0,0.601805,1000000.0,466937334.0,,,19,,5,370619849,'',,0.300000011921,0.300000011921,0.0500000007451,0.0,0.0,0.0,0.0,,0.0,0.0,,,0.300000011921,0.300000011921,0.0,,0.0,0.0,0.0249973962871,0.999687516266,0.00999999977648
5371589057,,26,,5,496651572,'',,,6,,0,0,'',10000.0,0.01,10000.0,0.582019,1000000.0,485244915.0,,,19,,5,370619849,'',,0.300000011921,0.300000011921,0.0500000007451,0.0,0.0,0.0,0.0,,0.0,0.0,,,0.300000011921,0.300000011921,0.0,,0.0,0.0,0.0249973962871,0.999687516266,0.00999999977648
5632037365,,27,,5,776930527,'',,,6,,0,0,'',10000.0,0.01,10000.0,0.582019,1000000.0,485244915.0,,,21,,5,631027388,'',,0.300000011921,0.300000011921,0.0500000007451,0.0,0.0,0.0,0.0,,0.0,0.0,,,0.300000011921,0.300000011921,0.0,,0.0,0.0,0.0249973962871,0.999687516266,0.00999999977648
5777926345,,28,,5,960066401,'',,,6,,0,0,'',10000.0,0.01,10000.0,0.582019,1000000.0,485244915.0,,,22,,5,777017341,'',,0.300000011921,0.300000011921,0.0500000007451,0.0,0.0,0.0,0.0,,0.0,0.0,,,0.300000011921,0.300000011921,0.0,,0.0,0.0,0.0249973962871,0.999687516266,0.00999999977648
5961287357,,29,,6,149332085,'',,,7,,0,0,'',10000.0,0.01,10000.0,0.593813,1000000.0,489409185.0,,,23,,5,959970105,'',,0.300000011921,0.300000011921,0.0500000007451,0.0,0.0,0.0,0.0,,0.0,0.0,,,0.300000011921,0.300000011921,0.0,,0.0,0.0,0.0249973962871,0.999687516266,0.00999999977648
6150469914,,30,,6,338834367,'',,,7,,0,0,'',10000.0,0.01,10000.0,0.593813,1000000.0,489409185.0,,,24,,6,149495519,'',,0.300000011921,0.300000011921,0.0500000007451,0.0,0.0,0.0,0.0,,0.0,0.0,,,0.300000011921,0.300000011921,0.0,,0.0,0.0,0.0249973962871,0.999687516266,0.00999999977648
6339617698,,31,,6,553975887,'',,,7,,0,0,'',10000.0,0.01,10000.0,0.593813,1000000.0,489409185.0,,,25,,6,338679741,'',,0.300000011921,0.300000011921,0.0500000007451,0.0,0.0,0.0,0.0,,0.0,0.0,,,0.300000011921,0.300000011921,0.0,,0.0,0.0,0.0249973962871,0.999687516266,0.00999999977648
6554930565,,32,,6,768672069,'',,,8,,0,0,'',10000.0,0.01,10000.0,0.577721,1000000.0,490509860.0,,,26,,6,553917151,'',,0.300000011921,0.300000011921,0.0500000007451,0.0,0.0,0.0,0.0,,0.0,0.0,,,0.300000011921,0.300000011921,0.0,,0.0,0.0,0.0249973962871,0.999687516266,0.00999999977648
6769882013,,33,,6,991008775,'',,,8,,0,0,'',10000.0,0.01,10000.0,0.577721,1000000.0,490509860.0,,,27,,6,768827699,'',,0.300000011921,0.300000011921,0.0500000007451,0.0,0.0,0.0,0.0,,0.0,0.0,,,0.300000011921,0.300000011921,0.0,,0.0,0.0,0.0249973962871,0.999687516266,0.00999999977648
6992143493,,34,,7,185040358,'',,,8,,0,0,'',10000.0,0.01,10000.0,0.577721,1000000.0,490509860.0,,,28,,6,990935945,'',,0.300000011921,0.300000011921,0.0500000007451,0.0,0.0,0.0,0.0,,0.0,0.0,,,0.300000011921,0.300000011921,0.0,,0.0,0.0,0.0249973962871,0.999687516266,0.00999999977648
7186387480,,35,,7,382096400,'',,,8,,0,0,'',10000.0,0.01,10000.0,0.577721,1000000.0,490509860.0,,,29,,7,185205801,'',,0.300000011921,0.300000011921,0.0500000007451,0.0,0.0,0.0,0.0,,0.0,0.0,,,0.300000011921,0.300000011921,0.0,,0.0,0.0,0.0249973962871,0.999687516266,0.00999999977648
7383276984,,36,,7,523187135,'',,,8,,0,0,'',10000.0,0.01,10000.0,0.577721,1000000.0,490509860.0,,,30,,7,382158664,'',,0.300000011921,0.300000011921,0.0500000007451,0.0,0.0,0.0,0.0,,0.0,0.0,,,0.300000011921,0.300000011921,0.0,,0.0,0.0,0.0249973962871,0.999687516266,0.00999999977648
7524442486,,37,,7,697385023,'',,,9,,0,0,'',10000.0,0.01,10000.0,0.584763,1000000.0,480474709.0,,,31,,7,522985195,'',,0.300000011921,0.300000011921,0.0500000007451,0.0,0.0,0.0,0.0,,0.0,0.0,,,0.300000011921,0.300000011921,0.0,,0.0,0.0,0.0249973962871,0.999687516266,0.00999999977648
7698438087,,38,,7,887677135,'',,,9,,0,0,'',10000.0,0.01,10000.0,0.584763,1000000.0,480474709.0,,,32,,7,697360063,'',,0.300000011921,0.300000011921,0.0500000007451,0.0,0.0,0.0,0.0,,0.0,0.0,,,0.300000011921,0.300000011921,0.0,,0.0,0.0,0.0249973962871,0.999687516266,0.00999999977648
7889020741,,39,,8,103820890,'',,,9,,0,0,'',10000.0,0.01,10000.0,0.584763,1000000.0,480474709.0,,,33,,7,887820699,'',,0.300000011921,0.300000011921,0.0500000007451,0.0,0.0,0.0,0.0,,0.0,0.0,,,0.300000011921,0.300000011921,0.0,,0.0,0.0,0.0249973962871,0.999687516266,0.00999999977648
8105128326,,40,,8,295236101,'',,,10,,0,0,'',10000.0,0.01,10000.0,0.599114,1000000.0,461580358.0,,,34,,8,104082841,'',,0.300000011921,0.300000011921,0.0500000007451,0.0,0.0,0.0,0.0,,0.0,0.0,,,0.300000011921,0.300000011921,0.0,,0.0,0.0,0.0249973962871,0.999687516266,0.00999999977648
8455223051,,41,,8,631187944,'',,,10,,0,0,'',10000.0,0.01,10000.0,0.599114,1000000.0,461580358.0,,,36,,8,454142744,'',,0.300000011921,0.300000011921,0.0500000007451,0.0,0.0,0.0,0.0,,0.0,0.0,,,0.300000011921,0.300000011921,0.0,,0.0,0.0,0.0249973962871,0.999687516266,0.00999999977648
8632090849,,42,,8,812643616,'',,,10,,0,0,'',10000.0,0.01,10000.0,0.599114,1000000.0,461580358.0,,,37,,8,631133393,'',,0.300000011921,0.300000011921,0.0500000007451,0.0,0.0,0.0,0.0,,0.0,0.0,,,0.300000011921,0.300000011921,0.0,,0.0,0.0,0.0249973962871,0.999687516266,0.00999999977648
8813871845,,43,,8,989925998,'',,,10,,0,0,'',10000.0,0.01,10000.0,0.599114,1000000.0,461580358.0,,,38,,8,812900266,'',,0.300000011921,0.300000011921,0.0500000007451,0.0,0.0,0.0,0.0,,0.0,0.0,,,0.300000011921,0.300000011921,0.0,,0.0,0.0,0.0249973962871,0.999687516266,0.00999999977648
8991039436,,44,,9,142781495,'',,,11,,0,0,'',10000.0,0.01,10000.0,0.605113,1000000.0,465753169.0,,,39,,8,989788271,'',,0.300000011921,0.300000011921,0.0500000007451,0.0,0.0,0.0,0.0,,0.0,0.0,,,0.300000011921,0.300000011921,0.0,,0.0,0.0,0.0249973962871,0.999687516266,0.00999999977648
9144041803,,45,,9,328502160,'',,,11,,0,0,'',10000.0,0.01,10000.0,0.605113,1000000.0,465753169.0,,,40,,9,142812013,'',,0.300000011921,0.300000011921,0.0500000007451,0.0,0.0,0.0,0.0,,0.0,0.0,,,0.300000011921,0.300000011921,0.0,,0.0,0.0,0.0249973962871,0.999687516266,0.00999999977648
9329681126,,46,,9,518149097,'',,,11,,0,0,'',10000.0,0.01,10000.0,0.605113,1000000.0,465753169.0,,,41,,9,328560498,'',,0.300000011921,0.300000011921,0.0500000007451,0.0,0.0,0.0,0.0,,0.0,0.0,,,0.300000011921,0.300000011921,0.0,,0.0,0.0,0.0249973962871,0.999687516266,0.00999999977648
9518149097,,47,,9,686538509,'',,,11,,0,0,'',10000.0,0.01,10000.0,0.605113,1000000.0,465753169.0,,,42,,9,516919823,'',,0.300000011921,0.300000011921,0.0500000007451,0.0,0.0,0.0,0.0,,0.0,0.0,,,0.300000011921,0.300000011921,0.0,,0.0,0.0,0.0249973962871,0.999687516266,0.00999999977648
9859540342,,48,,10,15566771,'',,,12,,0,0,'',10000.0,0.01,10000.0,0.588298,1000000.0,477867563.0,,,44,,9,858522497,'',,0.300000011921,0.300000011921,0.0500000007451,0.0,0.0,0.0,0.0,,0.0,0.0,,,0.300000011921,0.300000011921,0.0,,0.0,0.0,0.0249973962871,0.999687516266,0.00999999977648
10016759141,,49,,10,180840751,'',,,12,,0,0,'',10000.0,0.01,10000.0,0.588298,1000000.0,477867563.0,,,45,,10,15638770,'',,0.300000011921,0.300000011921,0.0500000007451,0.0,0.0,0.0,0.0,,0.0,0.0,,,0.300000011921,0.300000011921,0.0,,0.0,0.0,0.0249973962871,0.999687516266,0.00999999977648
10182141640,,50,,10,372640068,'',,,12,,0,0,'',10000.0,0.01,10000.0,0.588298,1000000.0,477867563.0,,,46,,10,180855291,'',,0.300000011921,0.300000011921,0.0500000007451,0.0,0.0,0.0,0.0,,0.0,0.0,,,0.300000011921,0.300000011921,0.0,,0.0,0.0,0.0249973962871,0.999687516266,0.00999999977648
10373865694,,51,,10,569075827,'',,,13,,0,0,'',10000.0,0.01,10000.0,0.592525,1000000.0,473117465.0,,,47,,10,372711913,'',,0.300000011921,0.300000011921,0.0500000007451,0.0,0.0,0.0,0.0,,0.0,0.0,,,0.300000011921,0.300000011921,0.0,,0.0,0.0,0.0249973962871,0.999687516266,0.00999999977648
10570327653,,52,,10,749290258,'',,,13,,0,0,'',10000.0,0.01,10000.0,0.592525,1000000.0,473117465.0,,,49,,10,748083043,'',,0.300000011921,0.300000011921,0.0500000007451,0.0,0.0,0.0,0.0,,0.0,0.0,,,0.300000011921,0.300000011921,0.0,,0.0,0.0,0.0249973962871,0.999687516266,0.00999999977648
10749290258,,53,,10,914704564,'',,,13,,0,0,'',10000.0,0.01,10000.0,0.592525,1000000.0,473117465.0,,,49,,10,748083043,'',,0.300000011921,0.300000011921,0.0500000007451,0.0,0.0,0.0,0.0,,0.0,0.0,,,0.300000011921,0.300000011921,0.0,,0.0,0.0,0.0249973962871,0.999687516266,0.00999999977648
11083125832,,54,,11,229083648,'',,,13,,0,0,'',10000.0,0.01,10000.0,0.592525,1000000.0,473117465.0,,,51,,11,82218657,'',,0.300000011921,0.300000011921,0.0500000007451,0.0,0.0,0.0,0.0,,0.0,0.0,,,0.300000011921,0.300000011921,0.0,,0.0,0.0,0.0249973962871,0.999687516266,0.00999999977648
11230181205,,55,,11,390273803,'',,,14,,0,0,'',10000.0,0.01,10000.0,0.617413,1000000.0,442961017.0,,,52,,11,228924241,'',,0.300000011921,0.300000011921,0.0500000007451,0.0,0.0,0.0,0.0,,0.0,0.0,,,0.300000011921,0.300000011921,0.0,,0.0,0.0,0.0249973962871,0.999687516266,0.00999999977648
11391560936,,56,,11,555606693,'',,,14,,0,0,'',10000.0,0.01,10000.0,0.617413,1000000.0,442961017.0,,,53,,11,390450909,'',,0.300000011921,0.300000011921,0.0500000007451,0.0,0.0,0.0,0.0,,0.0,0.0,,,0.300000011921,0.300000011921,0.0,,0.0,0.0,0.0249973962871,0.999687516266,0.00999999977648
11557024286,,57,,11,720770974,'',,,14,,0,0,'',10000.0,0.01,10000.0,0.617413,1000000.0,442961017.0,,,54,,11,555814883,'',,0.300000011921,0.300000011921,0.0500000007451,0.0,0.0,0.0,0.0,,0.0,0.0,,,0.300000011921,0.300000011921,0.0,,0.0,0.0,0.0249973962871,0.999687516266,0.00999999977648
11722132314,,58,,11,896196717,'',,,14,,0,0,'',10000.0,0.01,10000.0,0.617413,1000000.0,442961017.0,,,55,,11,720752946,'',,0.300000011921,0.300000011921,0.0500000007451,0.0,0.0,0.0,0.0,,0.0,0.0,,,0.300000011921,0.300000011921,0.0,,0.0,0.0,0.0249973962871,0.999687516266,0.00999999977648
12067010133,,59,,12,260814095,'',,,15,,0,0,'',10000.0,0.01,10000.0,0.601282,1000000.0,462351845.0,,,57,,12,65643098,'',,0.300000011921,0.300000011921,0.0500000007451,0.0,0.0,0.0,0.0,,0.0,0.0,,,0.300000011921,0.300000011921,0.0,,0.0,0.0,0.0249973962871,0.999687516266,0.00999999977648
12261556416,,60,,12,446814071,'',,,15,,0,0,'',10000.0,0.01,10000.0,0.601282,1000000.0,462351845.0,,,59,,12,445629108,'',,0.300000011921,0.300000011921,0.0500000007451,0.0,0.0,0.0,0.0,,0.0,0.0,,,0.300000011921,0.300000011921,0.0,,0.0,0.0,0.0249973962871,0.999687516266,0.00999999977648
12446814071,,61,,12,620784774,'',,,15,,0,0,'',10000.0,0.01,10000.0,0.601282,1000000.0,462351845.0,,,59,,12,445629108,'',,0.300000011921,0.300000011921,0.0500000007451,0.0,0.0,0.0,0.0,,0.0,0.0,,,0.300000011921,0.300000011921,0.0,,0.0,0.0,0.0249973962871,0.999687516266,0.00999999977648
12621837414,,62,,12,798995161,'',,,16,,0,0,'',10000.0,0.01,10000.0,0.590032,1000000.0,474896947.0,,,60,,12,620969966,'',,0.300000011921,0.300000011921,0.0500000007451,0.0,0.0,0.0,0.0,,0.0,0.0,,,0.300000011921,0.300000011921,0.0,,0.0,0.0,0.0249973962871,0.999687516266,0.00999999977648
12800226654,,63,,12,945180195,'',,,16,,0,0,'',10000.0,0.01,10000.0,0.590032,1000000.0,474896947.0,,,61,,12,798973659,'',,0.300000011921,0.300000011921,0.0500000007451,0.0,0.0,0.0,0.0,,0.0,0.0,,,0.300000011921,0.300000011921,0.0,,0.0,0.0,0.0249973962871,0.999687516266,0.00999999977648
12946322142,,64,,13,99099808,'',,,16,,0,0,'',10000.0,0.01,10000.0,0.590032,1000000.0,474896947.0,,,62,,12,945186749,'',,0.300000011921,0.300000011921,0.0500000007451,0.0,0.0,0.0,0.0,,0.0,0.0,,,0.300000011921,0.300000011921,0.0,,0.0,0.0,0.0249973962871,0.999687516266,0.00999999977648
13280887021,,65,,13,441414361,'',,,16,,0,0,'',10000.0,0.01,10000.0,0.590032,1000000.0,474896947.0,,,64,,13,278992491,'',,0.300000011921,0.300000011921,0.0500000007451,0.0,0.0,0.0,0.0,,0.0,0.0,,,0.300000011921,0.300000011921,0.0,,0.0,0.0,0.0249973962871,0.999687516266,0.00999999977648
13442660876,,66,,13,604679356,'',,,17,,0,0,'',10000.0,0.01,10000.0,0.609265,1000000.0,459328736.0,,,65,,13,441456712,'',,0.300000011921,0.300000011921,0.0500000007451,0.0,0.0,0.0,0.0,,0.0,0.0,,,0.300000011921,0.300000011921,0.0,,0.0,0.0,0.0249973962871,0.999687516266,0.00999999977648
13609990843,,67,,13,749736903,'',,,17,,0,0,'',10000.0,0.01,10000.0,0.609265,1000000.0,459328736.0,,,66,,13,604703128,'',,0.300000011921,0.300000011921,0.0500000007451,0.0,0.0,0.0,0.0,,0.0,0.0,,,0.300000011921,0.300000011921,0.0,,0.0,0.0,0.0249973962871,0.999687516266,0.00999999977648
13751050621,,68,,13,885066655,'',,,17,,0,0,'',10000.0,0.01,10000.0,0.609265,1000000.0,459328736.0,,,67,,13,749747311,'',,0.300000011921,0.300000011921,0.0500000007451,0.0,0.0,0.0,0.0,,0.0,0.0,,,0.300000011921,0.300000011921,0.0,,0.0,0.0,0.0249973962871,0.999687516266,0.00999999977648
14028139322,,69,,14,180457020,'',,,17,,0,0,'',10000.0,0.01,10000.0,0.609265,1000000.0,459328736.0,,,69,,14,26762056,'',,0.300000011921,0.300000011921,0.0500000007451,0.0,0.0,0.0,0.0,,0.0,0.0,,,0.300000011921,0.300000011921,0.0,,0.0,0.0,0.0249973962871,0.999687516266,0.00999999977648
14181653437,,70,,14,316091840,'',,,18,,0,0,'',10000.0,0.01,10000.0,0.59562,1000000.0,471002717.0,,,70,,14,180497196,'',,0.300000011921,0.300000011921,0.0500000007451,0.0,0.0,0.0,0.0,,0.0,0.0,,,0.300000011921,0.300000011921,0.0,,0.0,0.0,0.0249973962871,0.999687516266,0.00999999977648
14317137424,,71,,14,488966665,'',,,18,,0,0,'',10000.0,0.01,10000.0,0.59562,1000000.0,471002717.0,,,71,,14,316290868,'',,0.300000011921,0.300000011921,0.0500000007451,0.0,0.0,0.0,0.0,,0.0,0.0,,,0.300000011921,0.300000011921,0.0,,0.0,0.0,0.0249973962871,0.999687516266,0.00999999977648
14684020153,,72,,14,839379078,'',,,18,,0,0,'',10000.0,0.01,10000.0,0.59562,1000000.0,471002717.0,,,73,,14,682812483,'',,0.300000011921,0.300000011921,0.0500000007451,0.0,0.0,0.0,0.0,,0.0,0.0,,,0.300000011921,0.300000011921,0.0,,0.0,0.0,0.0249973962871,0.999687516266,0.00999999977648
14840347093,,73,,14,993913386,'',,,19,,0,0,'',10000.0,0.01,10000.0,0.584847,1000000.0,483052116.0,,,74,,14,839362017,'',,0.300000011921,0.300000011921,0.0500000007451,0.0,0.0,0.0,0.0,,0.0,0.0,,,0.300000011921,0.300000011921,0.0,,0.0,0.0,0.0249973962871,0.999687516266,0.00999999977648
14995117531,,74,,15,174206773,'',,,19,,0,0,'',10000.0,0.01,10000.0,0.584847,1000000.0,483052116.0,,,75,,14,994065573,'',,0.300000011921,0.300000011921,0.0500000007451,0.0,0.0,0.0,0.0,,0.0,0.0,,,0.300000011921,0.300000011921,0.0,,0.0,0.0,0.0249973962871,0.999687516266,0.00999999977648
15175236147,,75,,15,366902612,'',,,19,,0,0,'',10000.0,0.01,10000.0,0.584847,1000000.0,483052116.0,,,76,,15,174354084,'',,0.300000011921,0.300000011921,0.0500000007451,0.0,0.0,0.0,0.0,,0.0,0.0,,,0.300000011921,0.300000011921,0.0,,0.0,0.0,0.0249973962871,0.999687516266,0.00999999977648
15368190709,,76,,15,591724405,'',,,19,,0,0,'',10000.0,0.01,10000.0,0.584847,1000000.0,483052116.0,,,78,,15,590445844,'',,0.300000011921,0.300000011921,0.0500000007451,0.0,0.0,0.0,0.0,,0.0,0.0,,,0.300000011921,0.300000011921,0.0,,0.0,0.0,0.0249973962871,0.999687516266,0.00999999977648
15591724405,,77,,15,842989109,'',,,20,,0,0,'',10000.0,0.01,10000.0,0.596588,1000000.0,471476830.0,,,78,,15,590445844,'',,0.300000011921,0.300000011921,0.0500000007451,0.0,0.0,0.0,0.0,,0.0,0.0,,,0.300000011921,0.300000011921,0.0,,0.0,0.0,0.0249973962871,0.999687516266,0.00999999977648
15843867966,,78,,16,67725654,'',,,20,,0,0,'',10000.0,0.01,10000.0,0.596588,1000000.0,471476830.0,,,79,,15,843022989,'',,0.300000011921,0.300000011921,0.0500000007451,0.0,0.0,0.0,0.0,,0.0,0.0,,,0.300000011921,0.300000011921,0.0,,0.0,0.0,0.0249973962871,0.999687516266,0.00999999977648
16068960779,,79,,16,216760837,'',,,20,,0,0,'',10000.0,0.01,10000.0,0.596588,1000000.0,471476830.0,,,80,,16,68015696,'',,0.300000011921,0.300000011921,0.0500000007451,0.0,0.0,0.0,0.0,,0.0,0.0,,,0.300000011921,0.300000011921,0.0,,0.0,0.0,0.0249973962871,0.999687516266,0.00999999977648
16218126007,,80,,16,376811843,'',,,20,,0,0,'',10000.0,0.01,10000.0,0.596588,1000000.0,471476830.0,,,81,,16,216952360,'',,0.300000011921,0.300000011921,0.0500000007451,0.0,0.0,0.0,0.0,,0.0,0.0,,,0.300000011921,0.300000011921,0.0,,0.0,0.0,0.0249973962871,0.999687516266,0.00999999977648
16378007965,,81,,16,529365505,'',,,21,,0,0,'',10000.0,0.01,10000.0,0.616782,1000000.0,440700449.0,,,82,,16,376721023,'',,0.300000011921,0.300000011921,0.0500000007451,0.0,0.0,0.0,0.0,,0.0,0.0,,,0.300000011921,0.300000011921,0.0,,0.0,0.0,0.0249973962871,0.999687516266,0.00999999977648
16530243417,,82,,16,710979724,'',,,21,,0,0,'',10000.0,0.01,10000.0,0.616782,1000000.0,440700449.0,,,83,,16,529305326,'',,0.300000011921,0.300000011921,0.0500000007451,0.0,0.0,0.0,0.0,,0.0,0.0,,,0.300000011921,0.300000011921,0.0,,0.0,0.0,0.0249973962871,0.999687516266,0.00999999977648
16712091032,,83,,16,899990716,'',,,21,,0,0,'',10000.0,0.01,10000.0,0.616782,1000000.0,440700449.0,,,84,,16,710913726,'',,0.300000011921,0.300000011921,0.0500000007451,0.0,0.0,0.0,0.0,,0.0,0.0,,,0.300000011921,0.300000011921,0.0,,0.0,0.0,0.0249973962871,0.999687516266,0.00999999977648
17084532833,,84,,17,271023370,'',,,22,,0,0,'',10000.0,0.01,10000.0,0.606352,1000000.0,463636953.0,,,86,,17,83274883,'',,0.300000011921,0.300000011921,0.0500000007451,0.0,0.0,0.0,0.0,,0.0,0.0,,,0.300000011921,0.300000011921,0.0,,0.0,0.0,0.0249973962871,0.999687516266,0.00999999977648
17271576744,,85,,17,464907842,'',,,22,,0,0,'',10000.0,0.01,10000.0,0.606352,1000000.0,463636953.0,,,88,,17,463723216,'',,0.300000011921,0.300000011921,0.0500000007451,0.0,0.0,0.0,0.0,,0.0,0.0,,,0.300000011921,0.300000011921,0.0,,0.0,0.0,0.0249973962871,0.999687516266,0.00999999977648
17464907842,,86,,17,684934584,'',,,22,,0,0,'',10000.0,0.01,10000.0,0.606352,1000000.0,463636953.0,,,88,,17,463723216,'',,0.300000011921,0.300000011921,0.0500000007451,0.0,0.0,0.0,0.0,,0.0,0.0,,,0.300000011921,0.300000011921,0.0,,0.0,0.0,0.0249973962871,0.999687516266,0.00999999977648
17464907842,,87,,17,684934584,'',,,22,,0,0,'',10000.0,0.01,10000.0,0.606352,1000000.0,463636953.0,,,88,,17,463723216,'',,0.300000011921,0.300000011921,0.0500000007451,0.0,0.0,0.0,0.0,,0.0,0.0,,,0.300000011921,0.300000011921,0.0,,0.0,0.0,0.0249973962871,0.999687516266,0.00999999977648
17865617441,,88,,18,56293645,'',,,23,,0,0,'',10000.0,0.01,10000.0,0.602177,1000000.0,469583878.0,,,90,,17,864324143,'',,0.300000011921,0.300000011921,0.0500000007451,0.0,0.0,0.0,0.0,,0.0,0.0,,,0.300000011921,0.300000011921,0.0,,0.0,0.0,0.0249973962871,0.999687516266,0.00999999977648
18057650422,,89,,18,250526565,'',,,23,,0,0,'',10000.0,0.01,10000.0,0.602177,1000000.0,469583878.0,,,91,,18,56289740,'',,0.300000011921,0.300000011921,0.0500000007451,0.0,0.0,0.0,0.0,,0.0,0.0,,,0.300000011921,0.300000011921,0.0,,0.0,0.0,0.0249973962871,0.999687516266,0.00999999977648
18251898152,,90,,18,446594328,'',,,23,,0,0,'',10000.0,0.01,10000.0,0.602177,1000000.0,469583878.0,,,92,,18,250798351,'',,0.300000011921,0.300000011921,0.0500000007451,0.0,0.0,0.0,0.0,,0.0,0.0,,,0.300000011921,0.300000011921,0.0,,0.0,0.0,0.0249973962871,0.999687516266,0.00999999977648
18447994578,,91,,18,647296314,'',,,23,,0,0,'',10000.0,0.01,10000.0,0.602177,1000000.0,469583878.0,,,93,,18,446697943,'',,0.300000011921,0.300000011921,0.0500000007451,0.0,0.0,0.0,0.0,,0.0,0.0,,,0.300000011921,0.300000011921,0.0,,0.0,0.0,0.0249973962871,0.999687516266,0.00999999977648
18648676467,,92,,18,824488687,'',,,24,,0,0,'',10000.0,0.01,10000.0,0.610334,1000000.0,462112547.0,,,94,,18,647567472,'',,0.300000011921,0.300000011921,0.0500000007451,0.0,0.0,0.0,0.0,,0.0,0.0,,,0.300000011921,0.300000011921,0.0,,0.0,0.0,0.0249973962871,0.999687516266,0.00999999977648
18825698532,,93,,19,19915694,'',,,24,,0,0,'',10000.0,0.01,10000.0,0.610334,1000000.0,462112547.0,,,95,,18,824656465,'',,0.300000011921,0.300000011921,0.0500000007451,0.0,0.0,0.0,0.0,,0.0,0.0,,,0.300000011921,0.300000011921,0.0,,0.0,0.0,0.0249973962871,0.999687516266,0.00999999977648
19021211102,,94,,19,211389410,'',,,24,,0,0,'',10000.0,0.01,10000.0,0.610334,1000000.0,462112547.0,,,96,,19,20017310,'',,0.300000011921,0.300000011921,0.0500000007451,0.0,0.0,0.0,0.0,,0.0,0.0,,,0.300000011921,0.300000011921,0.0,,0.0,0.0,0.0249973962871,0.999687516266,0.00999999977648
19212722234,,95,,19,467068773,'',,,24,,0,0,'',10000.0,0.01,10000.0,0.610334,1000000.0,462112547.0,,,98,,19,465746111,'',,0.300000011921,0.300000011921,0.0500000007451,0.0,0.0,0.0,0.0,,0.0,0.0,,,0.300000011921,0.300000011921,0.0,,0.0,0.0,0.0249973962871,0.999687516266,0.00999999977648
19467068773,,96,,19,643290210,'',,,25,,0,0,'',10000.0,0.01,10000.0,0.604856,1000000.0,461139753.0,,,98,,19,465746111,'',,0.300000011921,0.300000011921,0.0500000007451,0.0,0.0,0.0,0.0,,0.0,0.0,,,0.300000011921,0.300000011921,0.0,,0.0,0.0,0.0249973962871,0.999687516266,0.00999999977648
19644512625,,97,,19,892268527,'',,,25,,0,0,'',10000.0,0.01,10000.0,0.604856,1000000.0,461139753.0,,,99,,19,643381092,'',,0.300000011921,0.300000011921,0.0500000007451,0.0,0.0,0.0,0.0,,0.0,0.0,,,0.300000011921,0.300000011921,0.0,,0.0,0.0,0.0249973962871,0.999687516266,0.00999999977648
19644512625,,98,,19,892270899,'',,,25,,0,0,'',10000.0,0.01,10000.0,0.604856,1000000.0,461139753.0,,,99,,19,643381092,'',,0.300000011921,0.300000011921,0.0500000007451,0.0,0.0,0.0,0.0,,0.0,0.0,,,0.300000011921,0.300000011921,0.0,,0.0,0.0,0.0249973962871,0.999687516266,0.00999999977648
19893491100,,99,,20,99461571,'',,,25,,0,0,'',10000.0,0.01,10000.0,0.604856,1000000.0,461139753.0,,,100,,19,892314071,'',,0.300000011921,0.300000011921,0.0500000007451,0.0,0.0,0.0,0.0,,0.0,0.0,,,0.300000011921,0.300000011921,0.0,,0.0,0.0,0.0249973962871,0.999687516266,0.00999999977648
20100641356,,100,,20,314035224,'',,,26,,0,0,'',10000.0,0.01,10000.0,0.599405,1000000.0,462194778.0,,,101,,20,99553015,'',,0.300000011921,0.300000011921,0.0500000007451,0.0,0.0,0.0,0.0,,0.0,0.0,,,0.300000011921,0.300000011921,0.0,,0.0,0.0,0.0249973962871,0.999687516266,0.00999999977648
20315180810,,101,,20,522024069,'',,,26,,0,0,'',10000.0,0.01,10000.0,0.599405,1000000.0,462194778.0,,,102,,20,314098974,'',,0.300000011921,0.300000011921,0.0500000007451,0.0,0.0,0.0,0.0,,0.0,0.0,,,0.300000011921,0.300000011921,0.0,,0.0,0.0,0.0249973962871,0.999687516266,0.00999999977648
20523487696,,102,,20,851100699,'',,,26,,0,0,'',10000.0,0.01,10000.0,0.599405,1000000.0,462194778.0,,,103,,20,521943324,'',,0.300000011921,0.300000011921,0.0500000007451,0.0,0.0,0.0,0.0,,0.0,0.0,,,0.300000011921,0.300000011921,0.0,,0.0,0.0,0.0249973962871,0.999687516266,0.00999999977648
20852515300,,103,,21,153150740,'',,,26,,0,0,'',10000.0,0.01,10000.0,0.599405,1000000.0,462194778.0,,,104,,20,850994954,'',,0.300000011921,0.300000011921,0.0500000007451,0.0,0.0,0.0,0.0,,0.0,0.0,,,0.300000011921,0.300000011921,0.0,,0.0,0.0,0.0249973962871,0.999687516266,0.00999999977648
20852515300,,104,,21,153150740,'',,,26,,0,0,'',10000.0,0.01,10000.0,0.599405,1000000.0,462194778.0,,,104,,20,850994954,'',,0.300000011921,0.300000011921,0.0500000007451,0.0,0.0,0.0,0.0,,0.0,0.0,,,0.300000011921,0.300000011921,0.0,,0.0,0.0,0.0249973962871,0.999687516266,0.00999999977648
21154711101,,105,,21,422730740,'',,,27,,0,0,'',10000.0,0.01,10000.0,0.848345,1000000.0,336779145.0,,,105,,21,153257855,'',,0.300000011921,0.300000011921,0.0500000007451,0.0,0.0,0.0,0.0,,0.0,0.0,,,0.300000011921,0.300000011921,0.0,,0.0,0.0,0.0249973962871,0.999687516266,0.00999999977648
21424088098,,106,,21,584140998,'',,,27,,0,0,'',10000.0,0.01,10000.0,0.848345,1000000.0,336779145.0,,,106,,21,422542298,'',,0.300000011921,0.300000011921,0.0500000007451,0.0,0.0,0.0,0.0,,0.0,0.0,,,0.300000011921,0.300000011921,0.0,,0.0,0.0,0.0249973962871,0.999687516266,0.00999999977648
21585145215,,107,,21,755832682,'',,,27,,0,0,'',10000.0,0.01,10000.0,0.848345,1000000.0,336779145.0,,,107,,21,584249231,'',,0.300000011921,0.300000011921,0.0500000007451,0.0,0.0,0.0,0.0,,0.0,0.0,,,0.300000011921,0.300000011921,0.0,,0.0,0.0,0.0249973962871,0.999687516266,0.00999999977648
21757006417,,108,,21,930499181,'',,,27,,0,0,'',10000.0,0.01,10000.0,0.848345,1000000.0,336779145.0,,,108,,21,755904316,'',,0.300000011921,0.300000011921,0.0500000007451,0.0,0.0,0.0,0.0,,0.0,0.0,,,0.300000011921,0.300000011921,0.0,,0.0,0.0,0.0249973962871,0.999687516266,0.00999999977648
21931600464,,109,,22,107319588,'',,,28,,0,0,'',10000.0,0.01,10000.0,0.585376,1000000.0,462018605.0,,,109,,21,930675803,'',,0.300000011921,0.300000011921,0.0500000007451,0.0,0.0,0.0,0.0,,0.0,0.0,,,0.300000011921,0.300000011921,0.0,,0.0,0.0,0.0249973962871,0.999687516266,0.00999999977648
22263755671,,110,,22,449236270,'',,,28,,0,0,'',10000.0,0.01,10000.0,0.585376,1000000.0,462018605.0,,,111,,22,262850454,'',,0.300000011921,0.300000011921,0.0500000007451,0.0,0.0,0.0,0.0,,0.0,0.0,,,0.300000011921,0.300000011921,0.0,,0.0,0.0,0.0249973962871,0.999687516266,0.00999999977648
22450287219,,111,,22,636786235,'',,,28,,0,0,'',10000.0,0.01,10000.0,0.585376,1000000.0,462018605.0,,,112,,22,449192360,'',,0.300000011921,0.300000011921,0.0500000007451,0.0,0.0,0.0,0.0,,0.0,0.0,,,0.300000011921,0.300000011921,0.0,,0.0,0.0,0.0249973962871,0.999687516266,0.00999999977648
22637601144,,112,,22,809118321,'',,,29,,0,0,'',10000.0,0.01,10000.0,0.589963,1000000.0,481532042.0,,,113,,22,636630025,'',,0.300000011921,0.300000011921,0.0500000007451,0.0,0.0,0.0,0.0,,0.0,0.0,,,0.300000011921,0.300000011921,0.0,,0.0,0.0,0.0249973962871,0.999687516266,0.00999999977648
22810324547,,113,,23,2756242,'',,,29,,0,0,'',10000.0,0.01,10000.0,0.589963,1000000.0,481532042.0,,,114,,22,809183580,'',,0.300000011921,0.300000011921,0.0500000007451,0.0,0.0,0.0,0.0,,0.0,0.0,,,0.300000011921,0.300000011921,0.0,,0.0,0.0,0.0249973962871,0.999687516266,0.00999999977648
23003985400,,114,,23,206049403,'',,,29,,0,0,'',10000.0,0.01,10000.0,0.589963,1000000.0,481532042.0,,,115,,23,2634303,'',,0.300000011921,0.300000011921,0.0500000007451,0.0,0.0,0.0,0.0,,0.0,0.0,,,0.300000011921,0.300000011921,0.0,,0.0,0.0,0.0249973962871,0.999687516266,0.00999999977648
23207170245,,115,,23,408063877,'',,,29,,0,0,'',10000.0,0.01,10000.0,0.589963,1000000.0,481532042.0,,,116,,23,205986455,'',,0.300000011921,0.300000011921,0.0500000007451,0.0,0.0,0.0,0.0,,0.0,0.0,,,0.300000011921,0.300000011921,0.0,,0.0,0.0,0.0249973962871,0.999687516266,0.00999999977648
23408063877,,116,,23,570188719,'',,,30,,0,0,'',10000.0,0.01,10000.0,0.583239,1000000.0,489088436.0,,,117,,23,407213144,'',,0.300000011921,0.300000011921,0.0500000007451,0.0,0.0,0.0,0.0,,0.0,0.0,,,0.300000011921,0.300000011921,0.0,,0.0,0.0,0.0249973962871,0.999687516266,0.00999999977648
23571347505,,117,,23,763530740,'',,,30,,0,0,'',10000.0,0.01,10000.0,0.583239,1000000.0,489088436.0,,,118,,23,570175257,'',,0.300000011921,0.300000011921,0.0500000007451,0.0,0.0,0.0,0.0,,0.0,0.0,,,0.300000011921,0.300000011921,0.0,,0.0,0.0,0.0249973962871,0.999687516266,0.00999999977648
23764862015,,118,,23,922055463,'',,,30,,0,0,'',10000.0,0.01,10000.0,0.583239,1000000.0,489088436.0,,,119,,23,763705822,'',,0.300000011921,0.300000011921,0.0500000007451,0.0,0.0,0.0,0.0,,0.0,0.0,,,0.300000011921,0.300000011921,0.0,,0.0,0.0,0.0249973962871,0.999687516266,0.00999999977648
23923356300,,119,,24,112042477,'',,,30,,0,0,'',10000.0,0.01,10000.0,0.583239,1000000.0,489088436.0,,,120,,23,922269307,'',,0.300000011921,0.300000011921,0.0500000007451,0.0,0.0,0.0,0.0,,0.0,0.0,,,0.300000011921,0.300000011921,0.0,,0.0,0.0,0.0249973962871,0.999687516266,0.00999999977648
24270589535,,120,,24,423242852,'',,,31,,0,0,'',10000.0,0.01,10000.0,0.577239,1000000.0,486958046.0,,,122,,24,269530163,'',,0.300000011921,0.300000011921,0.0500000007451,0.0,0.0,0.0,0.0,,0.0,0.0,,,0.300000011921,0.300000011921,0.0,,0.0,0.0,0.0249973962871,0.999687516266,0.00999999977648
24423927130,,121,,24,584779854,'',,,31,,0,0,'',10000.0,0.01,10000.0,0.577239,1000000.0,486958046.0,,,123,,24,423076445,'',,0.300000011921,0.300000011921,0.0500000007451,0.0,0.0,0.0,0.0,,0.0,0.0,,,0.300000011921,0.300000011921,0.0,,0.0,0.0,0.0249973962871,0.999687516266,0.00999999977648
24585688759,,122,,24,757673198,'',,,31,,0,0,'',10000.0,0.01,10000.0,0.577239,1000000.0,486958046.0,,,124,,24,584696739,'',,0.300000011921,0.300000011921,0.0500000007451,0.0,0.0,0.0,0.0,,0.0,0.0,,,0.300000011921,0.300000011921,0.0,,0.0,0.0,0.0249973962871,0.999687516266,0.00999999977648
24758710779,,123,,24,935368719,'',,,31,,0,0,'',10000.0,0.01,10000.0,0.577239,1000000.0,486958046.0,,,125,,24,757644840,'',,0.300000011921,0.300000011921,0.0500000007451,0.0,0.0,0.0,0.0,,0.0,0.0,,,0.300000011921,0.300000011921,0.0,,0.0,0.0,0.0249973962871,0.999687516266,0.00999999977648
24936633104,,124,,25,101947201,'',,,32,,0,0,'',10000.0,0.01,10000.0,0.605484,1000000.0,451752800.0,,,126,,24,935372993,'',,0.300000011921,0.300000011921,0.0500000007451,0.0,0.0,0.0,0.0,,0.0,0.0,,,0.300000011921,0.300000011921,0.0,,0.0,0.0,0.0249973962871,0.999687516266,0.00999999977648
25103198442,,125,,25,298792962,'',,,32,,0,0,'',10000.0,0.01,10000.0,0.605484,1000000.0,451752800.0,,,127,,25,102176149,'',,0.300000011921,0.300000011921,0.0500000007451,0.0,0.0,0.0,0.0,,0.0,0.0,,,0.300000011921,0.300000011921,0.0,,0.0,0.0,0.0249973962871,0.999687516266,0.00999999977648
25300142823,,126,,25,550099569,'',,,32,,0,0,'',10000.0,0.01,10000.0,0.605484,1000000.0,451752800.0,,,128,,25,298987681,'',,0.300000011921,0.300000011921,0.0500000007451,0.0,0.0,0.0,0.0,,0.0,0.0,,,0.300000011921,0.300000011921,0.0,,0.0,0.0,0.0249973962871,0.999687516266,0.00999999977648
25550099569,,127,,25,767899561,'',,,33,,0,0,'',10000.0,0.01,10000.0,0.579289,1000000.0,493292455.0,,,129,,25,548872259,'',,0.300000011921,0.300000011921,0.0500000007451,0.0,0.0,0.0,0.0,,0.0,0.0,,,0.300000011921,0.300000011921,0.0,,0.0,0.0,0.0249973962871,0.999687516266,0.00999999977648
25768929190,,128,,25,942108159,'',,,33,,0,0,'',10000.0,0.01,10000.0,0.579289,1000000.0,493292455.0,,,130,,25,767855667,'',,0.300000011921,0.300000011921,0.0500000007451,0.0,0.0,0.0,0.0,,0.0,0.0,,,0.300000011921,0.300000011921,0.0,,0.0,0.0,0.0249973962871,0.999687516266,0.00999999977648
25943729912,,129,,26,117401643,'',,,33,,0,0,'',10000.0,0.01,10000.0,0.579289,1000000.0,493292455.0,,,131,,25,941873437,'',,0.300000011921,0.300000011921,0.0500000007451,0.0,0.0,0.0,0.0,,0.0,0.0,,,0.300000011921,0.300000011921,0.0,,0.0,0.0,0.0249973962871,0.999687516266,0.00999999977648
26118721690,,130,,26,322446384,'',,,33,,0,0,'',10000.0,0.01,10000.0,0.579289,1000000.0,493292455.0,,,133,,26,320994115,'',,0.300000011921,0.300000011921,0.0500000007451,0.0,0.0,0.0,0.0,,0.0,0.0,,,0.300000011921,0.300000011921,0.0,,0.0,0.0,0.0249973962871,0.999687516266,0.00999999977648
26322446384,,131,,26,504949111,'',,,34,,0,0,'',10000.0,0.01,10000.0,0.59783,1000000.0,465330547.0,,,133,,26,320994115,'',,0.300000011921,0.300000011921,0.0500000007451,0.0,0.0,0.0,0.0,,0.0,0.0,,,0.300000011921,0.300000011921,0.0,,0.0,0.0,0.0249973962871,0.999687516266,0.00999999977648
26681526077,,132,,26,871992882,'',,,34,,0,0,'',10000.0,0.01,10000.0,0.59783,1000000.0,465330547.0,,,135,,26,680232981,'',,0.300000011921,0.300000011921,0.0500000007451,0.0,0.0,0.0,0.0,,0.0,0.0,,,0.300000011921,0.300000011921,0.0,,0.0,0.0,0.0249973962871,0.999687516266,0.00999999977648
26873259466,,133,,27,76785124,'',,,34,,0,0,'',10000.0,0.01,10000.0,0.59783,1000000.0,465330547.0,,,136,,26,871923106,'',,0.300000011921,0.300000011921,0.0500000007451,0.0,0.0,0.0,0.0,,0.0,0.0,,,0.300000011921,0.300000011921,0.0,,0.0,0.0,0.0249973962871,0.999687516266,0.00999999977648
27078071410,,134,,27,277349224,'',,,35,,0,0,'',10000.0,0.01,10000.0,0.594334,1000000.0,475859640.0,,,137,,27,76851385,'',,0.300000011921,0.300000011921,0.0500000007451,0.0,0.0,0.0,0.0,,0.0,0.0,,,0.300000011921,0.300000011921,0.0,,0.0,0.0,0.0249973962871,0.999687516266,0.00999999977648
27278508397,,135,,27,472578332,'',,,35,,0,0,'',10000.0,0.01,10000.0,0.594334,1000000.0,475859640.0,,,138,,27,277449856,'',,0.300000011921,0.300000011921,0.0500000007451,0.0,0.0,0.0,0.0,,0.0,0.0,,,0.300000011921,0.300000011921,0.0,,0.0,0.0,0.0249973962871,0.999687516266,0.00999999977648
27473532771,,136,,27,722557986,'',,,35,,0,0,'',10000.0,0.01,10000.0,0.594334,1000000.0,475859640.0,,,139,,27,472622767,'',,0.300000011921,0.300000011921,0.0500000007451,0.0,0.0,0.0,0.0,,0.0,0.0,,,0.300000011921,0.300000011921,0.0,,0.0,0.0,0.0249973962871,0.999687516266,0.00999999977648
27473532771,,137,,27,722557986,'',,,35,,0,0,'',10000.0,0.01,10000.0,0.594334,1000000.0,475859640.0,,,139,,27,472622767,'',,0.300000011921,0.300000011921,0.0500000007451,0.0,0.0,0.0,0.0,,0.0,0.0,,,0.300000011921,0.300000011921,0.0,,0.0,0.0,0.0249973962871,0.999687516266,0.00999999977648
27723844568,,138,,27,964045279,'',,,36,,0,0,'',10000.0,0.01,10000.0,0.578512,1000000.0,489433138.0,,,140,,27,722598635,'',,0.300000011921,0.300000011921,0.0500000007451,0.0,0.0,0.0,0.0,,0.0,0.0,,,0.300000011921,0.300000011921,0.0,,0.0,0.0,0.0249973962871,0.999687516266,0.00999999977648
27965299336,,139,,28,175031903,'',,,36,,0,0,'',10000.0,0.01,10000.0,0.578512,1000000.0,489433138.0,,,141,,27,964361634,'',,0.300000011921,0.300000011921,0.0500000007451,0.0,0.0,0.0,0.0,,0.0,0.0,,,0.300000011921,0.300000011921,0.0,,0.0,0.0,0.0249973962871,0.999687516266,0.00999999977648
28176029510,,140,,28,322397839,'',,,36,,0,0,'',10000.0,0.01,10000.0,0.578512,1000000.0,489433138.0,,,142,,28,174837570,'',,0.300000011921,0.300000011921,0.0500000007451,0.0,0.0,0.0,0.0,,0.0,0.0,,,0.300000011921,0.300000011921,0.0,,0.0,0.0,0.0249973962871,0.999687516266,0.00999999977648
28323696618,,141,,28,504080919,'',,,36,,0,0,'',10000.0,0.01,10000.0,0.578512,1000000.0,489433138.0,,,143,,28,322394161,'',,0.300000011921,0.300000011921,0.0500000007451,0.0,0.0,0.0,0.0,,0.0,0.0,,,0.300000011921,0.300000011921,0.0,,0.0,0.0,0.0249973962871,0.999687516266,0.00999999977648
28676345058,,142,,28,851305356,'',,,37,,0,0,'',10000.0,0.01,10000.0,0.592231,1000000.0,483161810.0,,,145,,28,675273452,'',,0.300000011921,0.300000011921,0.0500000007451,0.0,0.0,0.0,0.0,,0.0,0.0,,,0.300000011921,0.300000011921,0.0,,0.0,0.0,0.0249973962871,0.999687516266,0.00999999977648
28852368977,,143,,29,68163887,'',,,37,,0,0,'',10000.0,0.01,10000.0,0.592231,1000000.0,483161810.0,,,146,,28,851256726,'',,0.300000011921,0.300000011921,0.0500000007451,0.0,0.0,0.0,0.0,,0.0,0.0,,,0.300000011921,0.300000011921,0.0,,0.0,0.0,0.0249973962871,0.999687516266,0.00999999977648
29069199879,,144,,29,290006629,'',,,37,,0,0,'',10000.0,0.01,10000.0,0.592231,1000000.0,483161810.0,,,147,,29,68243400,'',,0.300000011921,0.300000011921,0.0500000007451,0.0,0.0,0.0,0.0,,0.0,0.0,,,0.300000011921,0.300000011921,0.0,,0.0,0.0,0.0249973962871,0.999687516266,0.00999999977648
29069199879,,145,,29,290006629,'',,,37,,0,0,'',10000.0,0.01,10000.0,0.592231,1000000.0,483161810.0,,,147,,29,68243400,'',,0.300000011921,0.300000011921,0.0500000007451,0.0,0.0,0.0,0.0,,0.0,0.0,,,0.300000011921,0.300000011921,0.0,,0.0,0.0,0.0249973962871,0.999687516266,0.00999999977648
29423576898,,146,,29,586221313,'',,,38,,0,0,'',10000.0,0.01,10000.0,0.582104,1000000.0,483711031.0,,,149,,29,422460578,'',,0.300000011921,0.300000011921,0.0500000007451,0.0,0.0,0.0,0.0,,0.0,0.0,,,0.300000011921,0.300000011921,0.0,,0.0,0.0,0.0249973962871,0.999687516266,0.00999999977648
29587498953,,147,,29,757923686,'',,,38,,0,0,'',10000.0,0.01,10000.0,0.582104,1000000.0,483711031.0,,,150,,29,586153448,'',,0.300000011921,0.300000011921,0.0500000007451,0.0,0.0,0.0,0.0,,0.0,0.0,,,0.300000011921,0.300000011921,0.0,,0.0,0.0,0.0249973962871,0.999687516266,0.00999999977648
29758817321,,148,,29,964932129,'',,,38,,0,0,'',10000.0,0.01,10000.0,0.582104,1000000.0,483711031.0,,,151,,29,757828283,'',,0.300000011921,0.300000011921,0.0500000007451,0.0,0.0,0.0,0.0,,0.0,0.0,,,0.300000011921,0.300000011921,0.0,,0.0,0.0,0.0249973962871,0.999687516266,0.00999999977648
29966067974,,149,,30,200494455,'',,,39,,0,0,'',10000.0,0.01,10000.0,0.583244,1000000.0,478460887.0,,,152,,29,964727141,'',,0.300000011921,0.300000011921,0.0500000007451,0.0,0.0,0.0,0.0,,0.0,0.0,,,0.300000011921,0.300000011921,0.0,,0.0,0.0,0.0249973962871,0.999687516266,0.00999999977648
30201548923,,150,,30,341071903,'',,,39,,0,0,'',10000.0,0.01,10000.0,0.583244,1000000.0,478460887.0,,,153,,30,200277686,'',,0.300000011921,0.300000011921,0.0500000007451,0.0,0.0,0.0,0.0,,0.0,0.0,,,0.300000011921,0.300000011921,0.0,,0.0,0.0,0.0249973962871,0.999687516266,0.00999999977648
30342080381,,151,,30,513605385,'',,,39,,0,0,'',10000.0,0.01,10000.0,0.583244,1000000.0,478460887.0,,,154,,30,341039681,'',,0.300000011921,0.300000011921,0.0500000007451,0.0,0.0,0.0,0.0,,0.0,0.0,,,0.300000011921,0.300000011921,0.0,,0.0,0.0,0.0249973962871,0.999687516266,0.00999999977648
30515027271,,152,,30,714534017,'',,,39,,0,0,'',10000.0,0.01,10000.0,0.583244,1000000.0,478460887.0,,,155,,30,513651085,'',,0.300000011921,0.300000011921,0.0500000007451,0.0,0.0,0.0,0.0,,0.0,0.0,,,0.300000011921,0.300000011921,0.0,,0.0,0.0,0.0249973962871,0.999687516266,0.00999999977648
30715724646,,153,,30,893818888,'',,,39,,0,0,'',10000.0,0.01,10000.0,0.583244,1000000.0,478460887.0,,,156,,30,714545102,'',,0.300000011921,0.300000011921,0.0500000007451,0.0,0.0,0.0,0.0,,0.0,0.0,,,0.300000011921,0.300000011921,0.0,,0.0,0.0,0.0249973962871,0.999687516266,0.00999999977648
31068175638,,154,,31,261449373,'',,,40,,0,0,'',10000.0,0.01,10000.0,0.605265,1000000.0,463145219.0,,,158,,31,67240299,'',,0.300000011921,0.300000011921,0.0500000007451,0.0,0.0,0.0,0.0,,0.0,0.0,,,0.300000011921,0.300000011921,0.0,,0.0,0.0,0.0249973962871,0.999687516266,0.00999999977648
31262681977,,155,,31,446355173,'',,,40,,0,0,'',10000.0,0.01,10000.0,0.605265,1000000.0,463145219.0,,,159,,31,261442385,'',,0.300000011921,0.300000011921,0.0500000007451,0.0,0.0,0.0,0.0,,0.0,0.0,,,0.300000011921,0.300000011921,0.0,,0.0,0.0,0.0249973962871,0.999687516266,0.00999999977648
31447525751,,156,,31,644468011,'',,,41,,0,0,'',10000.0,0.01,10000.0,0.592439,1000000.0,473675484.0,,,160,,31,446431932,'',,0.300000011921,0.300000011921,0.0500000007451,0.0,0.0,0.0,0.0,,0.0,0.0,,,0.300000011921,0.300000011921,0.0,,0.0,0.0,0.0249973962871,0.999687516266,0.00999999977648
31645545796,,157,,31,822451706,'',,,41,,0,0,'',10000.0,0.01,10000.0,0.592439,1000000.0,473675484.0,,,161,,31,644476624,'',,0.300000011921,0.300000011921,0.0500000007451,0.0,0.0,0.0,0.0,,0.0,0.0,,,0.300000011921,0.300000011921,0.0,,0.0,0.0,0.0249973962871,0.999687516266,0.00999999977648
31823641659,,158,,32,11718277,'',,,41,,0,0,'',10000.0,0.01,10000.0,0.592439,1000000.0,473675484.0,,,162,,31,822339954,'',,0.300000011921,0.300000011921,0.0500000007451,0.0,0.0,0.0,0.0,,0.0,0.0,,,0.300000011921,0.300000011921,0.0,,0.0,0.0,0.0249973962871,0.999687516266,0.00999999977648
32012990203,,159,,32,211556676,'',,,41,,0,0,'',10000.0,0.01,10000.0,0.592439,1000000.0,473675484.0,,,163,,32,11687182,'',,0.300000011921,0.300000011921,0.0500000007451,0.0,0.0,0.0,0.0,,0.0,0.0,,,0.300000011921,0.300000011921,0.0,,0.0,0.0,0.0249973962871,0.999687516266,0.00999999977648
32212690958,,160,,32,412327584,'',,,42,,0,0,'',10000.0,0.01,10000.0,0.606683,1000000.0,458340303.0,,,164,,32,211379753,'',,0.300000011921,0.300000011921,0.0500000007451,0.0,0.0,0.0,0.0,,0.0,0.0,,,0.300000011921,0.300000011921,0.0,,0.0,0.0,0.0249973962871,0.999687516266,0.00999999977648
32413283974,,161,,32,631059704,'',,,42,,0,0,'',10000.0,0.01,10000.0,0.606683,1000000.0,458340303.0,,,165,,32,412411511,'',,0.300000011921,0.300000011921,0.0500000007451,0.0,0.0,0.0,0.0,,0.0,0.0,,,0.300000011921,0.300000011921,0.0,,0.0,0.0,0.0249973962871,0.999687516266,0.00999999977648
32632049651,,162,,32,814893134,'',,,42,,0,0,'',10000.0,0.01,10000.0,0.606683,1000000.0,458340303.0,,,166,,32,631141433,'',,0.300000011921,0.300000011921,0.0500000007451,0.0,0.0,0.0,0.0,,0.0,0.0,,,0.300000011921,0.300000011921,0.0,,0.0,0.0,0.0249973962871,0.999687516266,0.00999999977648
32815711135,,163,,33,788716,'',,,42,,0,0,'',10000.0,0.01,10000.0,0.606683,1000000.0,458340303.0,,,167,,32,814689239,'',,0.300000011921,0.300000011921,0.0500000007451,0.0,0.0,0.0,0.0,,0.0,0.0,,,0.300000011921,0.300000011921,0.0,,0.0,0.0,0.0249973962871,0.999687516266,0.00999999977648
33001917020,,164,,33,189989986,'',,,43,,0,0,'',10000.0,0.01,10000.0,0.58789,1000000.0,477461433.0,,,168,,33,838559,'',,0.300000011921,0.300000011921,0.0500000007451,0.0,0.0,0.0,0.0,,0.0,0.0,,,0.300000011921,0.300000011921,0.0,,0.0,0.0,0.0249973962871,0.999687516266,0.00999999977648
33190862668,,165,,33,409028335,'',,,43,,0,0,'',10000.0,0.01,10000.0,0.58789,1000000.0,477461433.0,,,169,,33,189692063,'',,0.300000011921,0.300000011921,0.0500000007451,0.0,0.0,0.0,0.0,,0.0,0.0,,,0.300000011921,0.300000011921,0.0,,0.0,0.0,0.0249973962871,0.999687516266,0.00999999977648
33410342079,,166,,33,615533882,'',,,43,,0,0,'',10000.0,0.01,10000.0,0.58789,1000000.0,477461433.0,,,170,,33,409182758,'',,0.300000011921,0.300000011921,0.0500000007451,0.0,0.0,0.0,0.0,,0.0,0.0,,,0.300000011921,0.300000011921,0.0,,0.0,0.0,0.0249973962871,0.999687516266,0.00999999977648
33620572973,,167,,33,775133410,'',,,43,,0,0,'',10000.0,0.01,10000.0,0.58789,1000000.0,477461433.0,,,171,,33,615320936,'',,0.300000011921,0.300000011921,0.0500000007451,0.0,0.0,0.0,0.0,,0.0,0.0,,,0.300000011921,0.300000011921,0.0,,0.0,0.0,0.0249973962871,0.999687516266,0.00999999977648
33776137280,,168,,33,937842361,'',,,44,,0,0,'',10000.0,0.01,10000.0,0.594121,1000000.0,472671325.0,,,172,,33,775085236,'',,0.300000011921,0.300000011921,0.0500000007451,0.0,0.0,0.0,0.0,,0.0,0.0,,,0.300000011921,0.300000011921,0.0,,0.0,0.0,0.0249973962871,0.999687516266,0.00999999977648
33939132506,,169,,34,119386970,'',,,44,,0,0,'',10000.0,0.01,10000.0,0.594121,1000000.0,472671325.0,,,173,,33,937876672,'',,0.300000011921,0.300000011921,0.0500000007451,0.0,0.0,0.0,0.0,,0.0,0.0,,,0.300000011921,0.300000011921,0.0,,0.0,0.0,0.0249973962871,0.999687516266,0.00999999977648
34280106207,,170,,34,467232090,'',,,44,,0,0,'',10000.0,0.01,10000.0,0.594121,1000000.0,472671325.0,,,175,,34,278674848,'',,0.300000011921,0.300000011921,0.0500000007451,0.0,0.0,0.0,0.0,,0.0,0.0,,,0.300000011921,0.300000011921,0.0,,0.0,0.0,0.0249973962871,0.999687516266,0.00999999977648
34468604646,,171,,34,639025254,'',,,44,,0,0,'',10000.0,0.01,10000.0,0.594121,1000000.0,472671325.0,,,176,,34,467567557,'',,0.300000011921,0.300000011921,0.0500000007451,0.0,0.0,0.0,0.0,,0.0,0.0,,,0.300000011921,0.300000011921,0.0,,0.0,0.0,0.0249973962871,0.999687516266,0.00999999977648
34643623341,,172,,34,787011804,'',,,45,,0,0,'',10000.0,0.01,10000.0,0.58528,1000000.0,480359308.0,,,177,,34,639062967,'',,0.300000011921,0.300000011921,0.0500000007451,0.0,0.0,0.0,0.0,,0.0,0.0,,,0.300000011921,0.300000011921,0.0,,0.0,0.0,0.0249973962871,0.999687516266,0.00999999977648
34788200844,,173,,34,955413667,'',,,45,,0,0,'',10000.0,0.01,10000.0,0.58528,1000000.0,480359308.0,,,178,,34,786984988,'',,0.300000011921,0.300000011921,0.0500000007451,0.0,0.0,0.0,0.0,,0.0,0.0,,,0.300000011921,0.300000011921,0.0,,0.0,0.0,0.0249973962871,0.999687516266,0.00999999977648
34956477565,,174,,35,110022997,'',,,45,,0,0,'',10000.0,0.01,10000.0,0.58528,1000000.0,480359308.0,,,179,,34,955503810,'',,0.300000011921,0.300000011921,0.0500000007451,0.0,0.0,0.0,0.0,,0.0,0.0,,,0.300000011921,0.300000011921,0.0,,0.0,0.0,0.0249973962871,0.999687516266,0.00999999977648
35111001883,,175,,35,309352658,'',,,45,,0,0,'',10000.0,0.01,10000.0,0.58528,1000000.0,480359308.0,,,180,,35,110066519,'',,0.300000011921,0.300000011921,0.0500000007451,0.0,0.0,0.0,0.0,,0.0,0.0,,,0.300000011921,0.300000011921,0.0,,0.0,0.0,0.0249973962871,0.999687516266,0.00999999977648
35310500093,,176,,35,528171098,'',,,46,,0,0,'',10000.0,0.01,10000.0,0.611804,1000000.0,455051181.0,,,181,,35,309654131,'',,0.300000011921,0.300000011921,0.0500000007451,0.0,0.0,0.0,0.0,,0.0,0.0,,,0.300000011921,0.300000011921,0.0,,0.0,0.0,0.0249973962871,0.999687516266,0.00999999977648
35529226977,,177,,35,701558263,'',,,46,,0,0,'',10000.0,0.01,10000.0,0.611804,1000000.0,455051181.0,,,182,,35,528334178,'',,0.300000011921,0.300000011921,0.0500000007451,0.0,0.0,0.0,0.0,,0.0,0.0,,,0.300000011921,0.300000011921,0.0,,0.0,0.0,0.0249973962871,0.999687516266,0.00999999977648
35865974762,,178,,36,44242185,'',,,46,,0,0,'',10000.0,0.01,10000.0,0.611804,1000000.0,455051181.0,,,184,,35,864714036,'',,0.300000011921,0.300000011921,0.0500000007451,0.0,0.0,0.0,0.0,,0.0,0.0,,,0.300000011921,0.300000011921,0.0,,0.0,0.0,0.0249973962871,0.999687516266,0.00999999977648
36045544218,,179,,36,248125119,'',,,47,,0,0,'',10000.0,0.01,10000.0,0.602583,1000000.0,466255895.0,,,185,,36,44279527,'',,0.300000011921,0.300000011921,0.0500000007451,0.0,0.0,0.0,0.0,,0.0,0.0,,,0.300000011921,0.300000011921,0.0,,0.0,0.0,0.0249973962871,0.999687516266,0.00999999977648
36249472181,,180,,36,486395928,'',,,47,,0,0,'',10000.0,0.01,10000.0,0.602583,1000000.0,466255895.0,,,186,,36,248090883,'',,0.300000011921,0.300000011921,0.0500000007451,0.0,0.0,0.0,0.0,,0.0,0.0,,,0.300000011921,0.300000011921,0.0,,0.0,0.0,0.0249973962871,0.999687516266,0.00999999977648
36249472181,,181,,36,486397048,'',,,47,,0,0,'',10000.0,0.01,10000.0,0.602583,1000000.0,466255895.0,,,186,,36,248090883,'',,0.300000011921,0.300000011921,0.0500000007451,0.0,0.0,0.0,0.0,,0.0,0.0,,,0.300000011921,0.300000011921,0.0,,0.0,0.0,0.0249973962871,0.999687516266,0.00999999977648
36487385840,,182,,36,753118671,'',,,47,,0,0,'',10000.0,0.01,10000.0,0.602583,1000000.0,466255895.0,,,187,,36,486382427,'',,0.300000011921,0.300000011921,0.0500000007451,0.0,0.0,0.0,0.0,,0.0,0.0,,,0.300000011921,0.300000011921,0.0,,0.0,0.0,0.0249973962871,0.999687516266,0.00999999977648
36754546081,,183,,36,958401168,'',,,48,,0,0,'',10000.0,0.01,10000.0,0.598141,1000000.0,456636642.0,,,188,,36,753349962,'',,0.300000011921,0.300000011921,0.0500000007451,0.0,0.0,0.0,0.0,,0.0,0.0,,,0.300000011921,0.300000011921,0.0,,0.0,0.0,0.0249973962871,0.999687516266,0.00999999977648
36959587474,,184,,37,147370100,'',,,48,,0,0,'',10000.0,0.01,10000.0,0.598141,1000000.0,456636642.0,,,189,,36,958345872,'',,0.300000011921,0.300000011921,0.0500000007451,0.0,0.0,0.0,0.0,,0.0,0.0,,,0.300000011921,0.300000011921,0.0,,0.0,0.0,0.0249973962871,0.999687516266,0.00999999977648
37148524109,,185,,37,365078457,'',,,48,,0,0,'',10000.0,0.01,10000.0,0.598141,1000000.0,456636642.0,,,190,,37,147842003,'',,0.300000011921,0.300000011921,0.0500000007451,0.0,0.0,0.0,0.0,,0.0,0.0,,,0.300000011921,0.300000011921,0.0,,0.0,0.0,0.0249973962871,0.999687516266,0.00999999977648
37365428149,,186,,37,563623055,'',,,48,,0,0,'',10000.0,0.01,10000.0,0.598141,1000000.0,456636642.0,,,191,,37,364337063,'',,0.300000011921,0.300000011921,0.0500000007451,0.0,0.0,0.0,0.0,,0.0,0.0,,,0.300000011921,0.300000011921,0.0,,0.0,0.0,0.0249973962871,0.999687516266,0.00999999977648
37564894023,,187,,37,756592197,'',,,49,,0,0,'',10000.0,0.01,10000.0,0.581601,1000000.0,488034611.0,,,192,,37,563794758,'',,0.300000011921,0.300000011921,0.0500000007451,0.0,0.0,0.0,0.0,,0.0,0.0,,,0.300000011921,0.300000011921,0.0,,0.0,0.0,0.0249973962871,0.999687516266,0.00999999977648
37757759059,,188,,37,944946151,'',,,49,,0,0,'',10000.0,0.01,10000.0,0.581601,1000000.0,488034611.0,,,193,,37,756554448,'',,0.300000011921,0.300000011921,0.0500000007451,0.0,0.0,0.0,0.0,,0.0,0.0,,,0.300000011921,0.300000011921,0.0,,0.0,0.0,0.0249973962871,0.999687516266,0.00999999977648
37946392346,,189,,38,150051885,'',,,49,,0,0,'',10000.0,0.01,10000.0,0.581601,1000000.0,488034611.0,,,194,,37,945036399,'',,0.300000011921,0.300000011921,0.0500000007451,0.0,0.0,0.0,0.0,,0.0,0.0,,,0.300000011921,0.300000011921,0.0,,0.0,0.0,0.0249973962871,0.999687516266,0.00999999977648
38151269642,,190,,38,357046603,'',,,50,,0,0,'',10000.0,0.01,10000.0,0.594519,1000000.0,464924903.0,,,195,,38,150063938,'',,0.300000011921,0.300000011921,0.0500000007451,0.0,0.0,0.0,0.0,,0.0,0.0,,,0.300000011921,0.300000011921,0.0,,0.0,0.0,0.0249973962871,0.999687516266,0.00999999977648
38358149062,,191,,38,565286626,'',,,50,,0,0,'',10000.0,0.01,10000.0,0.594519,1000000.0,464924903.0,,,196,,38,357033332,'',,0.300000011921,0.300000011921,0.0500000007451,0.0,0.0,0.0,0.0,,0.0,0.0,,,0.300000011921,0.300000011921,0.0,,0.0,0.0,0.0249973962871,0.999687516266,0.00999999977648
38566276862,,192,,38,755606342,'',,,50,,0,0,'',10000.0,0.01,10000.0,0.594519,1000000.0,464924903.0,,,197,,38,565266108,'',,0.300000011921,0.300000011921,0.0500000007451,0.0,0.0,0.0,0.0,,0.0,0.0,,,0.300000011921,0.300000011921,0.0,,0.0,0.0,0.0249973962871,0.999687516266,0.00999999977648
38756736381,,193,,38,961700974,'',,,50,,0,0,'',10000.0,0.01,10000.0,0.594519,1000000.0,464924903.0,,,198,,38,755591537,'',,0.300000011921,0.300000011921,0.0500000007451,0.0,0.0,0.0,0.0,,0.0,0.0,,,0.300000011921,0.300000011921,0.0,,0.0,0.0,0.0249973962871,0.999687516266,0.00999999977648
38962053787,,194,,39,199021942,'',,,51,,0,0,'',10000.0,0.01,10000.0,0.594485,1000000.0,473074939.0,,,199,,38,960967519,'',,0.300000011921,0.300000011921,0.0500000007451,0.0,0.0,0.0,0.0,,0.0,0.0,,,0.300000011921,0.300000011921,0.0,,0.0,0.0,0.0249973962871,0.999687516266,0.00999999977648
39200094016,,195,,39,433884483,'',,,51,,0,0,'',10000.0,0.01,10000.0,0.594485,1000000.0,473074939.0,,,200,,39,199065703,'',,0.300000011921,0.300000011921,0.0500000007451,0.0,0.0,0.0,0.0,,0.0,0.0,,,0.300000011921,0.300000011921,0.0,,0.0,0.0,0.0249973962871,0.999687516266,0.00999999977648
39434722936,,196,,39,642455169,'',,,51,,0,0,'',10000.0,0.01,10000.0,0.594485,1000000.0,473074939.0,,,201,,39,433937835,'',,0.300000011921,0.300000011921,0.0500000007451,0.0,0.0,0.0,0.0,,0.0,0.0,,,0.300000011921,0.300000011921,0.0,,0.0,0.0,0.0249973962871,0.999687516266,0.00999999977648
39643666408,,197,,39,856127940,'',,,52,,0,0,'',10000.0,0.01,10000.0,0.58971,1000000.0,471658066.0,,,202,,39,642337341,'',,0.300000011921,0.300000011921,0.0500000007451,0.0,0.0,0.0,0.0,,0.0,0.0,,,0.300000011921,0.300000011921,0.0,,0.0,0.0,0.0249973962871,0.999687516266,0.00999999977648
39857197530,,198,,40,48401192,'',,,52,,0,0,'',10000.0,0.01,10000.0,0.58971,1000000.0,471658066.0,,,203,,39,856100886,'',,0.300000011921,0.300000011921,0.0500000007451,0.0,0.0,0.0,0.0,,0.0,0.0,,,0.300000011921,0.300000011921,0.0,,0.0,0.0,0.0249973962871,0.999687516266,0.00999999977648
40049574816,,199,,40,278353187,'',,,52,,0,0,'',10000.0,0.01,10000.0,0.58971,1000000.0,471658066.0,,,204,,40,48388967,'',,0.300000011921,0.300000011921,0.0500000007451,0.0,0.0,0.0,0.0,,0.0,0.0,,,0.300000011921,0.300000011921,0.0,,0.0,0.0,0.0249973962871,0.999687516266,0.00999999977648
40279408988,,200,,40,529293183,'',,,53,,0,0,'',10000.0,0.01,10000.0,0.592171,1000000.0,473376142.0,,,205,,40,278365418,'',,0.300000011921,0.300000011921,0.0500000007451,0.0,0.0,0.0,0.0,,0.0,0.0,,,0.300000011921,0.300000011921,0.0,,0.0,0.0,0.0249973962871,0.999687516266,0.00999999977648
40279408988,,201,,40,529293183,'',,,53,,0,0,'',10000.0,0.01,10000.0,0.592171,1000000.0,473376142.0,,,205,,40,278365418,'',,0.300000011921,0.300000011921,0.0500000007451,0.0,0.0,0.0,0.0,,0.0,0.0,,,0.300000011921,0.300000011921,0.0,,0.0,0.0,0.0249973962871,0.999687516266,0.00999999977648
40529293183,,202,,40,740110438,'',,,53,,0,0,'',10000.0,0.01,10000.0,0.592171,1000000.0,473376142.0,,,206,,40,527943401,'',,0.300000011921,0.300000011921,0.0500000007451,0.0,0.0,0.0,0.0,,0.0,0.0,,,0.300000011921,0.300000011921,0.0,,0.0,0.0,0.0249973962871,0.999687516266,0.00999999977648
40741227234,,203,,40,936248575,'',,,53,,0,0,'',10000.0,0.01,10000.0,0.592171,1000000.0,473376142.0,,,207,,40,740224871,'',,0.300000011921,0.300000011921,0.0500000007451,0.0,0.0,0.0,0.0,,0.0,0.0,,,0.300000011921,0.300000011921,0.0,,0.0,0.0,0.0249973962871,0.999687516266,0.00999999977648
40937294915,,204,,41,152476366,'',,,53,,0,0,'',10000.0,0.01,10000.0,0.592171,1000000.0,473376142.0,,,208,,40,936507835,'',,0.300000011921,0.300000011921,0.0500000007451,0.0,0.0,0.0,0.0,,0.0,0.0,,,0.300000011921,0.300000011921,0.0,,0.0,0.0,0.0249973962871,0.999687516266,0.00999999977648
41153651678,,205,,41,349205869,'',,,54,,0,0,'',10000.0,0.01,10000.0,0.595401,1000000.0,471755970.0,,,209,,41,152391592,'',,0.300000011921,0.300000011921,0.0500000007451,0.0,0.0,0.0,0.0,,0.0,0.0,,,0.300000011921,0.300000011921,0.0,,0.0,0.0,0.0249973962871,0.999687516266,0.00999999977648
41350507874,,206,,41,520718696,'',,,54,,0,0,'',10000.0,0.01,10000.0,0.595401,1000000.0,471755970.0,,,210,,41,349456138,'',,0.300000011921,0.300000011921,0.0500000007451,0.0,0.0,0.0,0.0,,0.0,0.0,,,0.300000011921,0.300000011921,0.0,,0.0,0.0,0.0249973962871,0.999687516266,0.00999999977648
41521646726,,207,,41,708501132,'',,,54,,0,0,'',10000.0,0.01,10000.0,0.595401,1000000.0,471755970.0,,,211,,41,520757627,'',,0.300000011921,0.300000011921,0.0500000007451,0.0,0.0,0.0,0.0,,0.0,0.0,,,0.300000011921,0.300000011921,0.0,,0.0,0.0,0.0249973962871,0.999687516266,0.00999999977648
41709791907,,208,,41,936904003,'',,,54,,0,0,'',10000.0,0.01,10000.0,0.595401,1000000.0,471755970.0,,,212,,41,708622286,'',,0.300000011921,0.300000011921,0.0500000007451,0.0,0.0,0.0,0.0,,0.0,0.0,,,0.300000011921,0.300000011921,0.0,,0.0,0.0,0.0249973962871,0.999687516266,0.00999999977648
41937946564,,209,,42,120283172,'',,,55,,0,0,'',10000.0,0.01,10000.0,0.596114,1000000.0,472250557.0,,,213,,41,936974636,'',,0.300000011921,0.300000011921,0.0500000007451,0.0,0.0,0.0,0.0,,0.0,0.0,,,0.300000011921,0.300000011921,0.0,,0.0,0.0,0.0249973962871,0.999687516266,0.00999999977648
42121614649,,210,,42,315454760,'',,,55,,0,0,'',10000.0,0.01,10000.0,0.596114,1000000.0,472250557.0,,,214,,42,120274344,'',,0.300000011921,0.300000011921,0.0500000007451,0.0,0.0,0.0,0.0,,0.0,0.0,,,0.300000011921,0.300000011921,0.0,,0.0,0.0,0.0249973962871,0.999687516266,0.00999999977648
42316618329,,211,,42,504067833,'',,,55,,0,0,'',10000.0,0.01,10000.0,0.596114,1000000.0,472250557.0,,,215,,42,315413845,'',,0.300000011921,0.300000011921,0.0500000007451,0.0,0.0,0.0,0.0,,0.0,0.0,,,0.300000011921,0.300000011921,0.0,,0.0,0.0,0.0249973962871,0.999687516266,0.00999999977648
42504947411,,212,,42,704946833,'',,,55,,0,0,'',10000.0,0.01,10000.0,0.596114,1000000.0,472250557.0,,,216,,42,504143642,'',,0.300000011921,0.300000011921,0.0500000007451,0.0,0.0,0.0,0.0,,0.0,0.0,,,0.300000011921,0.300000011921,0.0,,0.0,0.0,0.0249973962871,0.999687516266,0.00999999977648
42706112296,,213,,42,892717167,'',,,56,,0,0,'',10000.0,0.01,10000.0,0.597919,1000000.0,470966116.0,,,217,,42,704990541,'',,0.300000011921,0.300000011921,0.0500000007451,0.0,0.0,0.0,0.0,,0.0,0.0,,,0.300000011921,0.300000011921,0.0,,0.0,0.0,0.0249973962871,0.999687516266,0.00999999977648
43046479843,,214,,43,239277172,'',,,56,,0,0,'',10000.0,0.01,10000.0,0.597919,1000000.0,470966116.0,,,219,,43,45589243,'',,0.300000011921,0.300000011921,0.0500000007451,0.0,0.0,0.0,0.0,,0.0,0.0,,,0.300000011921,0.300000011921,0.0,,0.0,0.0,0.0249973962871,0.999687516266,0.00999999977648
43240607951,,215,,43,438969243,'',,,56,,0,0,'',10000.0,0.01,10000.0,0.597919,1000000.0,470966116.0,,,220,,43,239608502,'',,0.300000011921,0.300000011921,0.0500000007451,0.0,0.0,0.0,0.0,,0.0,0.0,,,0.300000011921,0.300000011921,0.0,,0.0,0.0,0.0249973962871,0.999687516266,0.00999999977648
43440002948,,216,,43,652307679,'',,,57,,0,0,'',10000.0,0.01,10000.0,0.605239,1000000.0,458018064.0,,,221,,43,439034329,'',,0.300000011921,0.300000011921,0.0500000007451,0.0,0.0,0.0,0.0,,0.0,0.0,,,0.300000011921,0.300000011921,0.0,,0.0,0.0,0.0249973962871,0.999687516266,0.00999999977648
43653312006,,217,,43,864095181,'',,,57,,0,0,'',10000.0,0.01,10000.0,0.605239,1000000.0,458018064.0,,,222,,43,652298500,'',,0.300000011921,0.300000011921,0.0500000007451,0.0,0.0,0.0,0.0,,0.0,0.0,,,0.300000011921,0.300000011921,0.0,,0.0,0.0,0.0249973962871,0.999687516266,0.00999999977648
43865441394,,218,,44,68389261,'',,,57,,0,0,'',10000.0,0.01,10000.0,0.605239,1000000.0,458018064.0,,,223,,43,864124687,'',,0.300000011921,0.300000011921,0.0500000007451,0.0,0.0,0.0,0.0,,0.0,0.0,,,0.300000011921,0.300000011921,0.0,,0.0,0.0,0.0249973962871,0.999687516266,0.00999999977648
44069509498,,219,,44,258358469,'',,,57,,0,0,'',10000.0,0.01,10000.0,0.605239,1000000.0,458018064.0,,,224,,44,68280190,'',,0.300000011921,0.300000011921,0.0500000007451,0.0,0.0,0.0,0.0,,0.0,0.0,,,0.300000011921,0.300000011921,0.0,,0.0,0.0,0.0249973962871,0.999687516266,0.00999999977648
44259249734,,220,,44,438788887,'',,,58,,0,0,'',10000.0,0.01,10000.0,0.592192,1000000.0,471279074.0,,,225,,44,258427830,'',,0.300000011921,0.300000011921,0.0500000007451,0.0,0.0,0.0,0.0,,0.0,0.0,,,0.300000011921,0.300000011921,0.0,,0.0,0.0,0.0249973962871,0.999687516266,0.00999999977648
44439877176,,221,,44,647829991,'',,,58,,0,0,'',10000.0,0.01,10000.0,0.592192,1000000.0,471279074.0,,,226,,44,438748341,'',,0.300000011921,0.300000011921,0.0500000007451,0.0,0.0,0.0,0.0,,0.0,0.0,,,0.300000011921,0.300000011921,0.0,,0.0,0.0,0.0249973962871,0.999687516266,0.00999999977648
44648063125,,222,,44,898326478,'',,,58,,0,0,'',10000.0,0.01,10000.0,0.592192,1000000.0,471279074.0,,,227,,44,646972128,'',,0.300000011921,0.300000011921,0.0500000007451,0.0,0.0,0.0,0.0,,0.0,0.0,,,0.300000011921,0.300000011921,0.0,,0.0,0.0,0.0249973962871,0.999687516266,0.00999999977648
44648063125,,223,,44,898326478,'',,,58,,0,0,'',10000.0,0.01,10000.0,0.592192,1000000.0,471279074.0,,,227,,44,646972128,'',,0.300000011921,0.300000011921,0.0500000007451,0.0,0.0,0.0,0.0,,0.0,0.0,,,0.300000011921,0.300000011921,0.0,,0.0,0.0,0.0249973962871,0.999687516266,0.00999999977648
44899068704,,224,,45,121586139,'',,,59,,0,0,'',10000.0,0.01,10000.0,0.62311,1000000.0,435334347.0,,,228,,44,898147538,'',,0.300000011921,0.300000011921,0.0500000007451,0.0,0.0,0.0,0.0,,0.0,0.0,,,0.300000011921,0.300000011921,0.0,,0.0,0.0,0.0249973962871,0.999687516266,0.00999999977648
