rosbagTimestamp,header,seq,stamp,secs,nsecs,frame_id,computation_status,header,seq,stamp,secs,nsecs,frame_id,batch_size,t_op,app_flo,execution_time,required_flops,machine_availabel_flops,vehicle_model_out,header,seq,stamp,secs,nsecs,frame_id,vehicle_states,x_1,x_2,x_3,x_4,x_5,x_6,x_7,vehicle_control_signals,u,w,pose,position,x,y,z,orientation,x,y,z,w,fuel_cost
3872552054,,12,,3,349542256,'',,,3,,0,0,'',10000.0,0.01,10000.0,0.604076,1000000.0,458988252.0,,,7,,3,113340290,'',,0.300000011921,0.300000011921,0.0500000007451,0.0,0.0,0.0,0.0,,0.0,0.0,,,0.300000011921,0.300000011921,0.0,,0.0,0.0,0.0249973962871,0.999687516266,0.00999999977648
3872552054,,13,,3,512795720,'',,,3,,0,0,'',10000.0,0.01,10000.0,0.604076,1000000.0,458988252.0,,,9,,3,512756792,'',,0.300000011921,0.300000011921,0.0500000007451,0.0,0.0,0.0,0.0,,0.0,0.0,,,0.300000011921,0.300000011921,0.0,,0.0,0.0,0.0249973962871,0.999687516266,0.00999999977648
3872552054,,14,,3,695751859,'',,,3,,0,0,'',10000.0,0.01,10000.0,0.604076,1000000.0,458988252.0,,,9,,3,512756792,'',,0.300000011921,0.300000011921,0.0500000007451,0.0,0.0,0.0,0.0,,0.0,0.0,,,0.300000011921,0.300000011921,0.0,,0.0,0.0,0.0249973962871,0.999687516266,0.00999999977648
3873402209,,15,,3,872574491,'',,,4,,0,0,'',10000.0,0.01,10000.0,0.606572,1000000.0,463232109.0,,,11,,3,872754839,'',,0.300000011921,0.300000011921,0.0500000007451,0.0,0.0,0.0,0.0,,0.0,0.0,,,0.300000011921,0.300000011921,0.0,,0.0,0.0,0.0249973962871,0.999687516266,0.00999999977648
4054364007,,16,,4,54364007,'',,,4,,0,0,'',10000.0,0.01,10000.0,0.606572,1000000.0,463232109.0,,,12,,4,53230755,'',,0.300000011921,0.300000011921,0.0500000007451,0.0,0.0,0.0,0.0,,0.0,0.0,,,0.300000011921,0.300000011921,0.0,,0.0,0.0,0.0249973962871,0.999687516266,0.00999999977648
4241556730,,17,,4,240246355,'',,,4,,0,0,'',10000.0,0.01,10000.0,0.606572,1000000.0,463232109.0,,,12,,4,53230755,'',,0.300000011921,0.300000011921,0.0500000007451,0.0,0.0,0.0,0.0,,0.0,0.0,,,0.300000011921,0.300000011921,0.0,,0.0,0.0,0.0249973962871,0.999687516266,0.00999999977648
4429646749,,18,,4,428581546,'',,,4,,0,0,'',10000.0,0.01,10000.0,0.606572,1000000.0,463232109.0,,,13,,4,240419839,'',,0.300000011921,0.300000011921,0.0500000007451,0.0,0.0,0.0,0.0,,0.0,0.0,,,0.300000011921,0.300000011921,0.0,,0.0,0.0,0.0249973962871,0.999687516266,0.00999999977648
4595844582,,19,,4,595042947,'',,,5,,0,0,'',10000.0,0.01,10000.0,0.582753,1000000.0,482248435.0,,,14,,4,428805027,'',,0.300000011921,0.300000011921,0.0500000007451,0.0,0.0,0.0,0.0,,0.0,0.0,,,0.300000011921,0.300000011921,0.0,,0.0,0.0,0.0249973962871,0.999687516266,0.00999999977648
4771744621,,20,,4,771744621,'',,,5,,0,0,'',10000.0,0.01,10000.0,0.582753,1000000.0,482248435.0,,,16,,4,770827994,'',,0.300000011921,0.300000011921,0.0500000007451,0.0,0.0,0.0,0.0,,0.0,0.0,,,0.300000011921,0.300000011921,0.0,,0.0,0.0,0.0249973962871,0.999687516266,0.00999999977648
4964502338,,21,,4,963943366,'',,,5,,0,0,'',10000.0,0.01,10000.0,0.582753,1000000.0,482248435.0,,,16,,4,770827994,'',,0.300000011921,0.300000011921,0.0500000007451,0.0,0.0,0.0,0.0,,0.0,0.0,,,0.300000011921,0.300000011921,0.0,,0.0,0.0,0.0249973962871,0.999687516266,0.00999999977648
5188739707,,22,,5,187457902,'',,,5,,0,0,'',10000.0,0.01,10000.0,0.582753,1000000.0,482248435.0,,,17,,4,963748717,'',,0.300000011921,0.300000011921,0.0500000007451,0.0,0.0,0.0,0.0,,0.0,0.0,,,0.300000011921,0.300000011921,0.0,,0.0,0.0,0.0249973962871,0.999687516266,0.00999999977648
5371589057,,23,,5,371346877,'',,,6,,0,0,'',10000.0,0.01,10000.0,0.593955,1000000.0,473040253.0,,,18,,5,187638358,'',,0.300000011921,0.300000011921,0.0500000007451,0.0,0.0,0.0,0.0,,0.0,0.0,,,0.300000011921,0.300000011921,0.0,,0.0,0.0,0.0249973962871,0.999687516266,0.00999999977648
5632037365,,24,,5,631228960,'',,,6,,0,0,'',10000.0,0.01,10000.0,0.593955,1000000.0,473040253.0,,,20,,5,496746783,'',,0.300000011921,0.300000011921,0.0500000007451,0.0,0.0,0.0,0.0,,0.0,0.0,,,0.300000011921,0.300000011921,0.0,,0.0,0.0,0.0249973962871,0.999687516266,0.00999999977648
5777926345,,25,,5,777678334,'',,,6,,0,0,'',10000.0,0.01,10000.0,0.593955,1000000.0,473040253.0,,,21,,5,631154984,'',,0.300000011921,0.300000011921,0.0500000007451,0.0,0.0,0.0,0.0,,0.0,0.0,,,0.300000011921,0.300000011921,0.0,,0.0,0.0,0.0249973962871,0.999687516266,0.00999999977648
5961287357,,26,,5,961287357,'',,,6,,0,0,'',10000.0,0.01,10000.0,0.593955,1000000.0,473040253.0,,,23,,5,959960878,'',,0.300000011921,0.300000011921,0.0500000007451,0.0,0.0,0.0,0.0,,0.0,0.0,,,0.300000011921,0.300000011921,0.0,,0.0,0.0,0.0249973962871,0.999687516266,0.00999999977648
6339617698,,27,,6,338787532,'',,,7,,0,0,'',10000.0,0.01,10000.0,0.593945,1000000.0,471118104.0,,,24,,6,149420753,'',,0.300000011921,0.300000011921,0.0500000007451,0.0,0.0,0.0,0.0,,0.0,0.0,,,0.300000011921,0.300000011921,0.0,,0.0,0.0,0.0249973962871,0.999687516266,0.00999999977648
6554930565,,28,,6,553965271,'',,,7,,0,0,'',10000.0,0.01,10000.0,0.593945,1000000.0,471118104.0,,,25,,6,338724204,'',,0.300000011921,0.300000011921,0.0500000007451,0.0,0.0,0.0,0.0,,0.0,0.0,,,0.300000011921,0.300000011921,0.0,,0.0,0.0,0.0249973962871,0.999687516266,0.00999999977648
6769882013,,29,,6,768747134,'',,,8,,0,0,'',10000.0,0.01,10000.0,0.587062,1000000.0,469330429.0,,,27,,6,768966373,'',,0.300000011921,0.300000011921,0.0500000007451,0.0,0.0,0.0,0.0,,0.0,0.0,,,0.300000011921,0.300000011921,0.0,,0.0,0.0,0.0249973962871,0.999687516266,0.00999999977648
6992143493,,30,,6,768747134,'',,,8,,0,0,'',10000.0,0.01,10000.0,0.587062,1000000.0,469330429.0,,,27,,6,768966373,'',,0.300000011921,0.300000011921,0.0500000007451,0.0,0.0,0.0,0.0,,0.0,0.0,,,0.300000011921,0.300000011921,0.0,,0.0,0.0,0.0249973962871,0.999687516266,0.00999999977648
7186387480,,31,,6,991052048,'',,,8,,0,0,'',10000.0,0.01,10000.0,0.587062,1000000.0,469330429.0,,,27,,6,768966373,'',,0.300000011921,0.300000011921,0.0500000007451,0.0,0.0,0.0,0.0,,0.0,0.0,,,0.300000011921,0.300000011921,0.0,,0.0,0.0,0.0249973962871,0.999687516266,0.00999999977648
7383276984,,32,,7,185176700,'',,,8,,0,0,'',10000.0,0.01,10000.0,0.587062,1000000.0,469330429.0,,,28,,6,990967382,'',,0.300000011921,0.300000011921,0.0500000007451,0.0,0.0,0.0,0.0,,0.0,0.0,,,0.300000011921,0.300000011921,0.0,,0.0,0.0,0.0249973962871,0.999687516266,0.00999999977648
7524442486,,33,,7,382112785,'',,,8,,0,0,'',10000.0,0.01,10000.0,0.587062,1000000.0,469330429.0,,,29,,7,185359551,'',,0.300000011921,0.300000011921,0.0500000007451,0.0,0.0,0.0,0.0,,0.0,0.0,,,0.300000011921,0.300000011921,0.0,,0.0,0.0,0.0249973962871,0.999687516266,0.00999999977648
7698438087,,34,,7,698438087,'',,,9,,0,0,'',10000.0,0.01,10000.0,0.594222,1000000.0,472864661.0,,,32,,7,697463761,'',,0.310722556844,0.300536578574,0.0500000007451,0.0536139990062,0.178054690361,0.0,0.0,,10.0,0.0,,,0.31072255969,0.300536572933,0.0,,0.0,0.0,0.0249973962871,0.999687516266,0.000379915765414
7889020741,,35,,7,887756440,'',,,9,,0,0,'',10000.0,0.01,10000.0,0.594222,1000000.0,472864661.0,,,33,,7,887889382,'',,0.317849035017,0.300893193939,0.0500000007451,0.0713539260289,0.177399277687,0.0,0.0,,10.0,0.0,,,0.317849040031,0.300893187523,0.0,,0.0,0.0,0.0249973962871,0.999687516266,0.000505603242346
8105128326,,36,,8,103971074,'',,,9,,0,0,'',10000.0,0.01,10000.0,0.594222,1000000.0,472864661.0,,,33,,7,887889382,'',,0.317849035017,0.300893193939,0.0500000007451,0.0713539260289,0.177399277687,0.0,0.0,,10.0,0.0,,,0.317849040031,0.300893187523,0.0,,0.0,0.0,0.0249973962871,0.999687516266,0.000505603242346
8296496958,,37,,8,295106001,'',,,10,,0,0,'',10000.0,0.01,10000.0,0.581616,1000000.0,484309580.0,,,34,,8,103877725,'',,0.326740769157,0.301338144845,0.0500000007451,0.0890285524379,0.176746249199,0.0,0.0,,10.0,0.0,,,0.326740771532,0.301338136196,0.0,,0.0,0.0,0.0249973962871,0.999687516266,0.000630818163477
8455223051,,38,,8,454464442,'',,,10,,0,0,'',10000.0,0.01,10000.0,0.581616,1000000.0,484309580.0,,,35,,8,295382293,'',,0.337391256145,0.301871104649,0.0500000007451,0.106638114417,0.176095619798,0.0,0.0,,10.0,0.0,,,0.337391257286,0.301871091127,0.0,,0.0,0.0,0.0249973962871,0.999687516266,0.00075556227668
8632090849,,39,,8,631033664,'',,,10,,0,0,'',10000.0,0.01,10000.0,0.581616,1000000.0,484309580.0,,,37,,8,631214606,'',,0.363942625048,0.303199774162,0.0500000007451,0.141662988327,0.174801453948,0.0,0.0,,10.0,0.0,,,0.363942623138,0.303199768066,0.0,,0.0,0.0,0.0249973962871,0.999687516266,0.00100364550175
8813871845,,40,,8,812793276,'',,,10,,0,0,'',10000.0,0.01,10000.0,0.581616,1000000.0,484309580.0,,,37,,8,631214606,'',,0.363942625048,0.303199774162,0.0500000007451,0.141662988327,0.174801453948,0.0,0.0,,10.0,0.0,,,0.363942623138,0.303199768066,0.0,,0.0,0.0,0.0249973962871,0.999687516266,0.00100364550175
8991039436,,41,,8,989853865,'',,,11,,0,0,'',10000.0,0.01,10000.0,0.594207,1000000.0,473884239.0,,,38,,8,812867571,'',,0.379830620379,0.303994830603,0.0500000007451,0.159078777096,0.1741579175,0.0,0.0,,10.0,0.0,,,0.379830628633,0.303994834423,0.0,,0.0,0.0,0.0249973962871,0.999687516266,0.00112698815536
9329681126,,42,,9,328433298,'',,,11,,0,0,'',10000.0,0.01,10000.0,0.594207,1000000.0,473884239.0,,,40,,9,142691447,'',,0.416799253571,0.30584481323,0.0500000007451,0.193718238433,0.172877892852,0.0,0.0,,10.0,0.0,,,0.416799247265,0.305844813585,0.0,,0.0,0.0,0.0249973962871,0.999687516266,0.00137228433188
9518149097,,43,,9,516761216,'',,,11,,0,0,'',10000.0,0.01,10000.0,0.594207,1000000.0,473884239.0,,,41,,9,328446873,'',,0.437867122866,0.306899086088,0.0500000007451,0.210942375917,0.172241359949,0.0,0.0,,10.0,0.0,,,0.437867134809,0.306899100542,0.0,,0.0,0.0,0.0249973962871,0.999687516266,0.00149424133623
9687489618,,44,,9,687489618,'',,,12,,0,0,'',10000.0,0.01,10000.0,0.588123,1000000.0,478078887.0,,,43,,9,686813696,'',,0.485138342422,0.309264621128,0.0500000007451,0.245200616376,0.170975297689,0.0,0.0,,10.0,0.0,,,0.485138356686,0.309264630079,0.0,,0.0,0.0,0.0249973962871,0.999687516266,0.0017367819739
9859540342,,45,,9,859540342,'',,,12,,0,0,'',10000.0,0.01,10000.0,0.588123,1000000.0,478078887.0,,,44,,9,858280754,'',,0.511329103825,0.310575259829,0.0500000007451,0.262235193208,0.17034573853,0.0,0.0,,10.0,0.0,,,0.511329114437,0.310575246811,0.0,,0.0,0.0,0.0249973962871,0.999687516266,0.00185736924889
10016759141,,46,,10,16196696,'',,,12,,0,0,'',10000.0,0.01,10000.0,0.588123,1000000.0,478078887.0,,,44,,9,858280754,'',,0.511329103825,0.310575259829,0.0500000007451,0.262235193208,0.17034573853,0.0,0.0,,10.0,0.0,,,0.511329114437,0.310575246811,0.0,,0.0,0.0,0.0249973962871,0.999687516266,0.00185736924889
10182141640,,47,,10,180872072,'',,,12,,0,0,'',10000.0,0.01,10000.0,0.588123,1000000.0,478078887.0,,,45,,10,15532455,'',,0.539214925602,0.311970700462,0.0500000007451,0.279207043603,0.169718489051,0.0,0.0,,10.0,0.0,,,0.539214909077,0.311970710754,0.0,,0.0,0.0,0.0249973962871,0.999687516266,0.00197750338447
10373865694,,48,,10,372824428,'',,,12,,0,0,'',10000.0,0.01,10000.0,0.588123,1000000.0,478078887.0,,,46,,10,180929701,'',,0.570581028914,0.313540325,0.0500000007451,0.314053679032,0.348466277122,0.0,0.0,,20.0,0.0,,,0.570581018925,0.31354033947,0.0,,0.0,0.0,0.0249973962871,0.999687516266,0.00339769080662
10570327653,,49,,10,570327653,'',,,13,,0,0,'',10000.0,0.01,10000.0,0.62027,1000000.0,445465054.0,,,48,,10,569043638,'',,0.643702962613,0.317199490961,0.0500000007451,0.38336243383,0.345904439688,0.0,0.0,,20.0,0.0,,,0.643702983856,0.317199498415,0.0,,0.0,0.0,0.0249973962871,0.999687516266,0.00414715303407
10749290258,,50,,10,914464545,'',,,13,,0,0,'',10000.0,0.01,10000.0,0.62027,1000000.0,445465054.0,,,49,,10,748356228,'',,0.685433316245,0.31928775557,0.0500000007451,0.41782549075,0.344630479813,0.0,0.0,,20.0,0.0,,,0.685433328152,0.319287747145,0.0,,0.0,0.0,0.0249973962871,0.999687516266,0.00451976489304
11083125832,,51,,11,83125832,'',,,13,,0,0,'',10000.0,0.01,10000.0,0.62027,1000000.0,445465054.0,,,51,,11,82066987,'',,0.779169308305,0.323978470637,0.0500000007451,0.48637125245,0.342096418142,0.0,0.0,,20.0,0.0,,,0.77916932106,0.323978483677,0.0,,0.0,0.0,0.0249973962871,0.999687516266,0.00526077581364
11230181205,,52,,11,229667146,'',,,14,,0,0,'',10000.0,0.01,10000.0,0.583765,1000000.0,484105602.0,,,51,,11,82066987,'',,0.779169308305,0.323978470637,0.0500000007451,0.48637125245,0.342096418142,0.0,0.0,,20.0,0.0,,,0.77916932106,0.323978483677,0.0,,0.0,0.0,0.0249973962871,0.999687516266,0.00526077581364
11391560936,,53,,11,391560936,'',,,14,,0,0,'',10000.0,0.01,10000.0,0.583765,1000000.0,484105602.0,,,53,,11,390489219,'',,0.886521765806,0.32935057014,0.0500000007451,0.554412952571,0.3395806849,0.0,0.0,,20.0,0.0,,,0.886521756649,0.329350560904,0.0,,0.0,0.0,0.0249973962871,0.999687516266,0.00599620657991
11722132314,,54,,11,722132314,'',,,14,,0,0,'',10000.0,0.01,10000.0,0.583765,1000000.0,484105602.0,,,55,,11,720882198,'',,1.00739056024,0.335399035748,0.0500000007451,0.621954244878,0.337083160877,0.0,0.0,,20.0,0.0,,,1.00739061832,0.335399031639,0.0,,0.0,0.0,0.0249973962871,0.999687516266,0.00672609874623
11897443936,,55,,11,897443936,'',,,14,,0,0,'',10000.0,0.01,10000.0,0.583765,1000000.0,484105602.0,,,56,,11,896190843,'',,1.07286253243,0.338675358121,0.0500000007451,0.655538383627,0.335841208696,0.0,0.0,,20.0,0.0,,,1.07286250591,0.338675349951,0.0,,0.0,0.0,0.0249973962871,0.999687516266,0.00708898052412
12067010133,,56,,12,65914174,'',,,15,,0,0,'',10000.0,0.01,10000.0,0.600378,1000000.0,462685565.0,,,56,,11,896190843,'',,1.07286253243,0.338675358121,0.0500000007451,0.655538383627,0.335841208696,0.0,0.0,,20.0,0.0,,,1.07286250591,0.338675349951,0.0,,0.0,0.0,0.0249973962871,0.999687516266,0.00708898052412
12261556416,,57,,12,260376745,'',,,15,,0,0,'',10000.0,0.01,10000.0,0.600378,1000000.0,462685565.0,,,58,,12,260590458,'',,1.2138196186,0.345729093524,0.0500000007451,0.722335839768,0.333370804787,0.0,0.0,,20.0,0.0,,,1.21381962299,0.345729082823,0.0,,0.0,0.0,0.0249973962871,0.999687516266,0.00781064345863
12446814071,,58,,12,445423882,'',,,15,,0,0,'',10000.0,0.01,10000.0,0.600378,1000000.0,462685565.0,,,58,,12,260590458,'',,1.2138196186,0.345729093524,0.0500000007451,0.722335839768,0.333370804787,0.0,0.0,,20.0,0.0,,,1.21381962299,0.345729082823,0.0,,0.0,0.0,0.0249973962871,0.999687516266,0.00781064345863
12621837414,,59,,12,621837414,'',,,15,,0,0,'',10000.0,0.01,10000.0,0.600378,1000000.0,462685565.0,,,60,,12,620882467,'',,1.3680458029,0.353446812268,0.0500000007451,0.788641852634,0.330918252468,0.0,0.0,,20.0,0.0,,,1.36804580688,0.353446811438,0.0,,0.0,0.0,0.0249973962871,0.999687516266,0.00852687343577
12800226654,,60,,12,800226654,'',,,16,,0,0,'',10000.0,0.01,10000.0,0.597934,1000000.0,462754080.0,,,61,,12,799159884,'',,1.4501043019,0.357553158776,0.0500000007451,0.821611738696,0.329698681831,0.0,0.0,,20.0,0.0,,,1.45010435581,0.35755315423,0.0,,0.0,0.0,0.0249973962871,0.999687516266,0.00888296309497
13100001109,,61,,13,100001109,'',,,16,,0,0,'',10000.0,0.01,10000.0,0.597934,1000000.0,462754080.0,,,63,,13,98954070,'',,1.62405141018,0.366257767063,0.0500000007451,0.887187397968,0.327272772789,0.0,0.0,,20.0,0.0,,,1.62405145168,0.366257756948,0.0,,0.0,0.0,0.0249973962871,0.999687516266,0.00959111951332
13280887021,,62,,13,279090052,'',,,16,,0,0,'',10000.0,0.01,10000.0,0.597934,1000000.0,462754080.0,,,63,,13,98954070,'',,1.62405141018,0.366257767063,0.0500000007451,0.887187397968,0.327272772789,0.0,0.0,,20.0,0.0,,,1.62405145168,0.366257756948,0.0,,0.0,0.0,0.0249973962871,0.999687516266,0.00959111951332
13442660876,,63,,13,441266120,'',,,17,,0,0,'',10000.0,0.01,10000.0,0.594918,1000000.0,465687016.0,,,64,,13,279144814,'',,1.71591590867,0.370854811384,0.0500000007451,0.919794059286,0.326066374779,0.0,0.0,,20.0,0.0,,,1.71591591835,0.370854824781,0.0,,0.0,0.0,0.0249973962871,0.999687516266,0.00994319610445
13609990843,,64,,13,604645319,'',,,17,,0,0,'',10000.0,0.01,10000.0,0.594918,1000000.0,465687016.0,,,65,,13,441443925,'',,1.81102496198,0.375614243878,0.0500000007451,0.952280524857,0.324864417315,0.0,0.0,,20.0,0.0,,,1.81102490425,0.375614255667,0.0,,0.0,0.0,0.0249973962871,0.999687516266,0.0102939445542
13885565988,,65,,13,885059421,'',,,17,,0,0,'',10000.0,0.01,10000.0,0.594918,1000000.0,465687016.0,,,67,,13,749703246,'',,2.01092862646,0.3856248919,0.0500697470635,1.01689457345,0.322473585606,0.00185186520685,0.0100000007078,,20.0,0.0500000007451,,,2.01092863083,0.385624885559,0.0,,0.0,0.0,0.0250322578173,0.999686643938,0.0109914783734
14028139322,,66,,14,26701413,'',,,17,,0,0,'',10000.0,0.01,10000.0,0.594918,1000000.0,465687016.0,,,68,,13,884713363,'',,2.11569871375,0.390890199744,0.0502136483499,1.04902304459,0.321284651756,0.0037038102746,0.015000000596,,20.0,0.0500000007451,,,2.11569881439,0.390890210867,0.0,,0.0,0.0,0.0251041873253,0.999684840227,0.0113382737986
14181653437,,67,,14,180514699,'',,,18,,0,0,'',10000.0,0.01,10000.0,0.588255,1000000.0,475066152.0,,,69,,14,26660876,'',,2.22366465281,0.396340208482,0.0504360979051,1.08103304255,0.320100098848,0.00555591518059,0.0200000014156,,20.0,0.0500000007451,,,2.22366476059,0.396340221167,0.0,,0.0,0.0,0.0252153762462,0.999682041852,0.0116837606728
14488966665,,68,,14,488057580,'',,,18,,0,0,'',10000.0,0.01,10000.0,0.588255,1000000.0,475066152.0,,,71,,14,316292043,'',,2.44913438519,0.407835694675,0.0511340832254,1.14469931173,0.317743778229,0.00926092453301,0.0300000030547,,20.0,0.0500000007451,,,2.44913434982,0.407835692167,0.0,,0.0,0.0,0.0255642563843,0.999673180992,0.0123708331003
14684020153,,69,,14,682808967,'',,,18,,0,0,'',10000.0,0.01,10000.0,0.588255,1000000.0,475066152.0,,,72,,14,488092239,'',,2.56661332326,0.413905148156,0.0516182961849,1.1763565396,0.316572040319,0.0111139891669,0.0350000038743,,20.0,0.0500000007451,,,2.56661343575,0.413905143738,0.0,,0.0,0.0,0.0258062831241,0.999666962419,0.012712428108
14840347093,,70,,14,839439519,'',,,18,,0,0,'',10000.0,0.01,10000.0,0.588255,1000000.0,475066152.0,,,73,,14,682788462,'',,2.68723862003,0.420207311138,0.0521984079404,1.2078970139,0.315404593945,0.0129675325006,0.0400000028312,,20.0,0.0500000007451,,,2.68723869324,0.420207321644,0.0,,0.0,0.0,0.0260962402633,0.99965943513,0.0130527350073
14995117531,,71,,14,994079758,'',,,19,,0,0,'',10000.0,0.01,10000.0,0.594619,1000000.0,481881264.0,,,74,,14,839290746,'',,2.81099758883,0.426757638295,0.0528787061522,1.23932120251,0.314241349697,0.0148216364905,0.0450000017881,,20.0,0.0500000007451,,,2.81099748611,0.426757633686,0.0,,0.0,0.0,0.0264362735729,0.999650500645,0.0133917589681
15175236147,,72,,15,174193187,'',,,19,,0,0,'',10000.0,0.01,10000.0,0.594619,1000000.0,481881264.0,,,75,,14,993925787,'',,2.93787752262,0.433572999886,0.0536634675298,1.27062946605,0.313082337379,0.0166763793677,0.0500000007451,,20.0,0.0500000007451,,,2.93787741661,0.433573007584,0.0,,0.0,0.0,0.0268285136306,0.999640050646,0.0137295050479
15368190709,,73,,15,368190709,'',,,19,,0,0,'',10000.0,0.01,10000.0,0.594619,1000000.0,481881264.0,,,77,,15,366974309,'',,3.2009501515,0.448074061981,0.0555633630339,1.33290000306,0.310776978731,0.0203881096095,0.0599999986589,,20.0,0.0500000007451,,,3.20095014572,0.448074072599,0.0,,0.0,0.0,0.0277781084753,0.999614113891,0.0144011817019
15591724405,,74,,15,590477778,'',,,20,,0,0,'',10000.0,0.01,10000.0,0.612979,1000000.0,457483747.0,,,77,,15,366974309,'',,3.2009501515,0.448074061981,0.0555633630339,1.33290000306,0.310776978731,0.0203881096095,0.0599999986589,,20.0,0.0500000007451,,,3.20095014572,0.448074072599,0.0,,0.0,0.0,0.0277781084753,0.999614113891,0.0144011817019
15843867966,,75,,15,843065063,'',,,20,,0,0,'',10000.0,0.01,10000.0,0.612979,1000000.0,457483747.0,,,78,,15,590464988,'',,3.33711738429,0.455801257522,0.0566869561023,1.36386310504,0.309630572796,0.0222452562302,0.0649999976158,,20.0,0.0500000007451,,,3.33711743355,0.45580124855,0.0,,0.0,0.0,0.0283396834016,0.999598350511,0.0147351222078
16068960779,,76,,16,67739100,'',,,20,,0,0,'',10000.0,0.01,10000.0,0.612979,1000000.0,457483747.0,,,79,,15,842960741,'',,3.47635465542,0.463876563934,0.0579319191961,1.39471194492,0.308488339186,0.0241033639759,0.070000000298,,20.0,0.0500000007451,,,3.476354599,0.463876575232,0.0,,0.0,0.0,0.0289619089593,0.999580515931,0.0150678038525
16218126007,,77,,16,216909634,'',,,20,,0,0,'',10000.0,0.01,10000.0,0.612979,1000000.0,457483747.0,,,80,,16,67931475,'',,3.6186487254,0.472324869847,0.0593024386231,1.42544699953,0.307350277901,0.0259625203907,0.0750000029802,,20.0,0.0500000007451,,,3.61864876747,0.472324877977,0.0,,0.0,0.0,0.02964687435,0.999560434812,0.0153992311438
16378007965,,78,,16,376743764,'',,,20,,0,0,'',10000.0,0.01,10000.0,0.612979,1000000.0,457483747.0,,,81,,16,216934332,'',,3.76398656305,0.481172712285,0.0608026852347,1.45606862352,0.306216359138,0.0278227962554,0.0800000056624,,20.0,0.0500000007451,,,3.76398658752,0.481172710657,0.0,,0.0,0.0,0.0303966606647,0.999537914749,0.0157294087782
16530243417,,79,,16,710841553,'',,,21,,0,0,'',10000.0,0.01,10000.0,0.626967,1000000.0,437662619.0,,,84,,16,710729068,'',,4.21812690314,0.510405550023,0.0661232691032,1.54725730464,0.302839279175,0.0334111899137,0.0900000110269,,20.0,0.0,,,4.21812677383,0.510405540466,0.0,,0.0,0.0,0.0330556119555,0.999453513936,0.0167124950398
16901283602,,80,,16,899985250,'',,,21,,0,0,'',10000.0,0.01,10000.0,0.626967,1000000.0,437662619.0,,,85,,16,899979975,'',,4.37550435945,0.521135583827,0.0680748987806,1.57742947683,0.301721721888,0.0334111899137,0.0900000110269,,20.0,0.0,,,4.37550449371,0.521135568619,0.0,,0.0,0.0,0.0340308765108,0.999420781975,0.0170377235384
17084532833,,81,,17,83281439,'',,,21,,0,0,'',10000.0,0.01,10000.0,0.626967,1000000.0,437662619.0,,,85,,16,899979975,'',,4.37550435945,0.521135583827,0.0680748987806,1.57742947683,0.301721721888,0.0334111899137,0.0900000110269,,20.0,0.0,,,4.37550449371,0.521135568619,0.0,,0.0,0.0,0.0340308765108,0.999420781975,0.0170377235384
17271576744,,82,,17,270368837,'',,,22,,0,0,'',10000.0,0.01,10000.0,0.603714,1000000.0,458746109.0,,,87,,17,270396126,'',,4.69917784382,0.544183063959,0.0720895936196,1.63744030639,0.299498856068,0.0334111899137,0.0900000110269,,20.0,0.0,,,4.699177742,0.544183075428,0.0,,0.0,0.0,0.0360369905098,0.999350456704,0.0176845083529
17464907842,,83,,17,463633777,'',,,22,,0,0,'',10000.0,0.01,10000.0,0.603714,1000000.0,458746109.0,,,87,,17,270396126,'',,4.69917784382,0.544183063959,0.0720895936196,1.63744030639,0.299498856068,0.0334111899137,0.0900000110269,,20.0,0.0,,,4.699177742,0.544183075428,0.0,,0.0,0.0,0.0360369905098,0.999350456704,0.0176845083529
17686073719,,84,,17,684750667,'',,,22,,0,0,'',10000.0,0.01,10000.0,0.603714,1000000.0,458746109.0,,,89,,17,684978321,'',,5.03465530562,0.569462496076,0.076251963216,1.69700894102,0.297292202711,0.0334111899137,0.0900000110269,,20.0,0.0,,,5.03465509415,0.569462478161,0.0,,0.0,0.0,0.0381167447235,0.999273292834,0.0183264272915
17865617441,,85,,17,864320209,'',,,22,,0,0,'',10000.0,0.01,10000.0,0.603714,1000000.0,458746109.0,,,90,,17,864529320,'',,5.20678773287,0.582983348179,0.0783881827254,1.72662845894,0.296194911003,0.0334111899137,0.0900000110269,,20.0,0.0,,,5.20678758621,0.582983374596,0.0,,0.0,0.0,0.0391840580823,0.999232009892,0.0186455728262
18057650422,,86,,18,56346623,'',,,23,,0,0,'',10000.0,0.01,10000.0,0.610428,1000000.0,460503745.0,,,91,,18,56451652,'',,5.38183188247,0.597115689927,0.0805609162909,1.7561385785,0.295101553202,0.0334111899137,0.0900000110269,,20.0,0.0,,,5.38183164597,0.597115695477,0.0,,0.0,0.0,0.0402695658601,0.999188852052,0.018963515986
18251898152,,87,,18,250888875,'',,,23,,0,0,'',10000.0,0.01,10000.0,0.610428,1000000.0,460503745.0,,,91,,18,56451652,'',,5.38183188247,0.597115689927,0.0805609162909,1.7561385785,0.295101553202,0.0334111899137,0.0900000110269,,20.0,0.0,,,5.38183164597,0.597115695477,0.0,,0.0,0.0,0.0402695658601,0.999188852052,0.018963515986
18447994578,,88,,18,446681761,'',,,23,,0,0,'',10000.0,0.01,10000.0,0.610428,1000000.0,460503745.0,,,92,,18,250773499,'',,5.55977435062,0.611877743622,0.0827700229522,1.78553978547,0.294012218714,0.0334111899137,0.0900000110269,,20.0,0.0,,,5.5597743988,0.611877739429,0.0,,0.0,0.0,0.041373197414,0.999143762697,0.0192802608609
18648676467,,89,,18,648676467,'',,,23,,0,0,'',10000.0,0.01,10000.0,0.610428,1000000.0,460503745.0,,,94,,18,647574206,'',,5.9225149822,0.643204863996,0.0872746360858,1.82607971596,0.11247266829,0.0334111899137,0.0900000110269,,10.0,0.0,,,5.92251491547,0.64320486784,0.0,,0.0,0.0,0.0436234688507,0.999048043372,0.0128888449534
18825698532,,90,,18,824421009,'',,,24,,0,0,'',10000.0,0.01,10000.0,0.595841,1000000.0,468388462.0,,,95,,18,824399023,'',,6.10550731596,0.659635368904,0.0895477619895,1.83728547038,0.112057439983,0.0334111899137,0.0900000110269,,10.0,0.0,,,6.10550737381,0.659635365009,0.0,,0.0,0.0,0.0447589221893,0.998997817257,0.0129676132787
19021211102,,91,,19,20038178,'',,,24,,0,0,'',10000.0,0.01,10000.0,0.595841,1000000.0,468388462.0,,,95,,18,824399023,'',,6.10550731596,0.659635368904,0.0895477619895,1.83728547038,0.112057439983,0.0334111899137,0.0900000110269,,10.0,0.0,,,6.10550737381,0.659635365009,0.0,,0.0,0.0,0.0447589221893,0.998997817257,0.0129676132787
19212722234,,92,,19,212198421,'',,,24,,0,0,'',10000.0,0.01,10000.0,0.595841,1000000.0,468388462.0,,,96,,19,20114927,'',,6.28957345774,0.676586699504,0.091834702284,1.84844989048,0.111643716693,0.0334111899137,0.0900000110269,,10.0,0.0,,,6.28957366943,0.676586687565,0.0,,0.0,0.0,0.0459012171189,0.998945983658,0.0130460886621
19467068773,,93,,19,465716404,'',,,25,,0,0,'',10000.0,0.01,10000.0,0.583135,1000000.0,487773946.0,,,97,,19,211650588,'',,6.47470766217,0.694066012334,0.0941354049646,1.85957309695,0.111231513321,0.0334111899137,0.0900000110269,,10.0,0.0,,,6.47470760345,0.694065988064,0.0,,0.0,0.0,0.0470503250237,0.998892520202,0.013124267588
19644512625,,94,,19,643277368,'',,,25,,0,0,'',10000.0,0.01,10000.0,0.583135,1000000.0,487773946.0,,,98,,19,465892243,'',,6.66090370677,0.712080463309,0.0964498180265,1.87065521048,0.110820844769,0.0334111899137,0.0900000110269,,10.0,0.0,,,6.66090393066,0.712080478668,0.0,,0.0,0.0,0.0482062172327,0.998837404496,0.0132021552315
19893491100,,95,,19,892287379,'',,,25,,0,0,'',10000.0,0.01,10000.0,0.583135,1000000.0,487773946.0,,,100,,19,892377881,'',,7.03645929653,0.749743521939,0.101119574853,1.89269674437,0.110004007816,0.0334111899137,0.0900000110269,,10.0,0.0,,,7.03645944595,0.749743521214,0.0,,0.0,0.0,0.0505382507626,0.998722126124,0.0133570581146
20100641356,,96,,20,99477518,'',,,25,,0,0,'',10000.0,0.01,10000.0,0.583135,1000000.0,487773946.0,,,100,,19,892377881,'',,7.03645929653,0.749743521939,0.101119574853,1.89269674437,0.110004007816,0.0334111899137,0.0900000110269,,10.0,0.0,,,7.03645944595,0.749743521214,0.0,,0.0,0.0,0.0505382507626,0.998722126124,0.0133570581146
20315180810,,97,,20,314740990,'',,,26,,0,0,'',10000.0,0.01,10000.0,0.603099,1000000.0,462630982.0,,,101,,20,99458294,'',,7.22580688371,0.769406441029,0.103474822202,1.9036565216,0.109597831964,0.0334111899137,0.0900000110269,,10.0,0.0,,,7.2258067131,0.769406437874,0.0,,0.0,0.0,0.0517143344608,0.998661918575,0.0134340745925
20523487696,,98,,20,523117327,'',,,26,,0,0,'',10000.0,0.01,10000.0,0.603099,1000000.0,462630982.0,,,102,,20,314104050,'',,7.41619286011,0.789633178101,0.1058435795,1.91457579897,0.10919316113,0.0334111899137,0.0900000110269,,10.0,0.0,,,7.41619300842,0.789633154869,0.0,,0.0,0.0,0.0528970909384,0.998599968842,0.0135108045469
20852515300,,99,,20,852348589,'',,,26,,0,0,'',10000.0,0.01,10000.0,0.603099,1000000.0,462630982.0,,,103,,20,522191342,'',,7.60761196721,0.810430887367,0.108225794885,1.92545481266,0.108789972961,0.0334111899137,0.0900000110269,,10.0,0.0,,,7.60761213303,0.810430884361,0.0,,0.0,0.0,0.0540864912423,0.998536254457,0.0135872463017
21154711101,,100,,20,852348589,'',,,26,,0,0,'',10000.0,0.01,10000.0,0.603099,1000000.0,462630982.0,,,103,,20,522191342,'',,7.60761196721,0.810430887367,0.108225794885,1.92545481266,0.108789972961,0.0334111899137,0.0900000110269,,10.0,0.0,,,7.60761213303,0.810430884361,0.0,,0.0,0.0,0.0540864912423,0.998536254457,0.0135872463017
21424088098,,101,,21,153338282,'',,,27,,0,0,'',10000.0,0.01,10000.0,0.864712,1000000.0,306892498.0,,,105,,21,153228454,'',,7.9935246769,0.853768011695,0.113030399343,1.94709252508,0.107988037169,0.0334111899137,0.0900000110269,,10.0,0.0,,,7.99352455139,0.853767991066,0.0,,0.0,0.0,0.0564851183861,0.9984034412,0.0137392727859
21585145215,,102,,21,422726084,'',,,27,,0,0,'',10000.0,0.01,10000.0,0.864712,1000000.0,306892498.0,,,105,,21,153228454,'',,7.9935246769,0.853768011695,0.113030399343,1.94709252508,0.107988037169,0.0334111899137,0.0900000110269,,10.0,0.0,,,7.99352455139,0.853767991066,0.0,,0.0,0.0,0.0564851183861,0.9984034412,0.0137392727859
21757006417,,103,,21,422730740,'',,,27,,0,0,'',10000.0,0.01,10000.0,0.864712,1000000.0,306892498.0,,,105,,21,153228454,'',,7.9935246769,0.853768011695,0.113030399343,1.94709252508,0.107988037169,0.0334111899137,0.0900000110269,,10.0,0.0,,,7.99352455139,0.853767991066,0.0,,0.0,0.0,0.0564851183861,0.9984034412,0.0137392727859
21931600464,,104,,21,584118145,'',,,27,,0,0,'',10000.0,0.01,10000.0,0.864712,1000000.0,306892498.0,,,106,,21,422656361,'',,8.18622501685,0.87611082376,0.11543049947,1.9399141847,-0.0717834830284,0.0334111899137,0.0900000110269,,0.0,0.0,,,8.18622493744,0.876110851765,0.0,,0.0,0.0,0.0576832115909,0.998334937333,0.00999999977648
22108333616,,105,,21,930374670,'',,,27,,0,0,'',10000.0,0.01,10000.0,0.864712,1000000.0,306892498.0,,,108,,21,755947124,'',,8.56933562164,0.921921616269,0.120204191997,1.92563695152,-0.0712543278933,0.0334111899137,0.0900000110269,,0.0,0.0,,,8.5693359375,0.921921610832,0.0,,0.0,0.0,0.0600659201361,0.998194412546,0.00999999977648
22263755671,,106,,22,107315258,'',,,28,,0,0,'',10000.0,0.01,10000.0,0.583959,1000000.0,471330164.0,,,109,,21,930631077,'',,8.75975019942,0.945379788711,0.122577851236,1.91853788484,-0.0709912180901,0.0334111899137,0.0900000110269,,0.0,0.0,,,8.75975036621,0.945379793644,0.0,,0.0,0.0,0.0612505636913,0.998122421573,0.00999999977648
22450287219,,107,,22,262882933,'',,,28,,0,0,'',10000.0,0.01,10000.0,0.583959,1000000.0,471330164.0,,,110,,22,107369529,'',,8.94940683896,0.969200076089,0.124942758567,1.91146494661,-0.0707290843129,0.0334111899137,0.0900000110269,,0.0,0.0,,,8.94940662384,0.969200074673,0.0,,0.0,0.0,0.0624307522944,0.998049297965,0.00999999977648
22637601144,,108,,22,449200265,'',,,28,,0,0,'',10000.0,0.01,10000.0,0.583959,1000000.0,471330164.0,,,111,,22,262744617,'',,9.13830746625,0.99337769331,0.127298943794,1.90441813756,-0.0704679191113,0.0334111899137,0.0900000110269,,0.0,0.0,,,9.13830757141,0.993377685547,0.0,,0.0,0.0,0.0636065075619,0.997975055899,0.00999999977648
22810324547,,109,,22,636493831,'',,,28,,0,0,'',10000.0,0.01,10000.0,0.583959,1000000.0,471330164.0,,,113,,22,636659024,'',,9.51385119939,1.04278601365,0.131985296356,1.89040243168,-0.0699484795332,0.0334111899137,0.0900000110269,,0.0,0.0,,,9.51385116577,1.04278600216,0.0,,0.0,0.0,0.0659447563639,0.997823275489,0.00999999977648
23003985400,,110,,22,809094000,'',,,29,,0,0,'',10000.0,0.01,10000.0,0.584799,1000000.0,480614417.0,,,114,,22,809431721,'',,9.70049814383,1.06800744045,0.134315515699,1.88343341564,-0.0696902051568,0.0334111899137,0.0900000110269,,0.0,0.0,,,9.70049858093,1.06800746918,0.0,,0.0,0.0,0.0671072895514,0.997745765057,0.00999999977648
23207170245,,111,,23,2625077,'',,,29,,0,0,'',10000.0,0.01,10000.0,0.584799,1000000.0,480614417.0,,,114,,22,809431721,'',,9.70049814383,1.06800744045,0.134315515699,1.88343341564,-0.0696902051568,0.0334111899137,0.0900000110269,,0.0,0.0,,,9.70049858093,1.06800746918,0.0,,0.0,0.0,0.0671072895514,0.997745765057,0.00999999977648
23408063877,,112,,23,206007905,'',,,29,,0,0,'',10000.0,0.01,10000.0,0.584799,1000000.0,480614417.0,,,116,,23,205851132,'',,10.0715536593,1.11946184968,0.138950226037,1.86957246353,-0.0691765248775,0.0334111899137,0.0900000110269,,0.0,0.0,,,10.0715532303,1.11946189404,0.0,,0.0,0.0,0.0694192375172,0.997587574834,0.00999999977648
23571347505,,113,,23,407059813,'',,,29,,0,0,'',10000.0,0.01,10000.0,0.584799,1000000.0,480614417.0,,,116,,23,205851132,'',,10.0715536593,1.11946184968,0.138950226037,1.86957246353,-0.0691765248775,0.0334111899137,0.0900000110269,,0.0,0.0,,,10.0715532303,1.11946189404,0.0,,0.0,0.0,0.0694192375172,0.997587574834,0.00999999977648
23764862015,,114,,23,570120468,'',,,30,,0,0,'',10000.0,0.01,10000.0,0.619521,1000000.0,450193921.0,,,117,,23,407322222,'',,10.2559660668,1.14568573448,0.141254776491,1.862680409,-0.0689211115241,0.0334111899137,0.0900000110269,,0.0,0.0,,,10.2559661865,1.14568579197,0.0,,0.0,0.0,0.0705686883881,0.997506922392,0.00999999977648
23923356300,,115,,23,763526224,'',,,30,,0,0,'',10000.0,0.01,10000.0,0.619521,1000000.0,450193921.0,,,118,,23,570205230,'',,10.4396387246,1.17223475259,0.143550834925,1.85581377064,-0.0686666443944,0.0334111899137,0.0900000110269,,0.0,0.0,,,10.4396390915,1.17223477364,0.0,,0.0,0.0,0.0717138022349,0.997425250617,0.00999999977648
24113258222,,116,,24,112685034,'',,,30,,0,0,'',10000.0,0.01,10000.0,0.619521,1000000.0,450193921.0,,,120,,23,922146099,'',,10.8047724493,1.22629034101,0.148117564704,1.84215638627,-0.068160533905,0.0334111899137,0.0900000110269,,0.0,0.0,,,10.804772377,1.22629034519,0.0,,0.0,0.0,0.0739911061801,0.997258901292,0.00999999977648
24270589535,,117,,24,270589535,'',,,31,,0,0,'',10000.0,0.01,10000.0,0.586762,1000000.0,488948540.0,,,122,,24,269732881,'',,11.1669711109,1.28159365583,0.152650712665,1.82859971811,-0.0676581561565,0.0334111899137,0.0900000110269,,0.0,0.0,,,11.1669712067,1.28159368038,0.0,,0.0,0.0,0.076251272217,0.997088633716,0.00999999977648
24423927130,,118,,24,423927130,'',,,31,,0,0,'',10000.0,0.01,10000.0,0.586762,1000000.0,488948540.0,,,123,,24,423016207,'',,11.3469756429,1.30970241175,0.154904756425,1.82185885449,-0.0674083679914,0.0334111899137,0.0900000110269,,0.0,0.0,,,11.3469753265,1.30970239639,0.0,,0.0,0.0,0.0773749619109,0.997002063824,0.00999999977648
24585688759,,119,,24,585157537,'',,,31,,0,0,'',10000.0,0.01,10000.0,0.586762,1000000.0,488948540.0,,,123,,24,423016207,'',,11.3469756429,1.30970241175,0.154904756425,1.82185885449,-0.0674083679914,0.0334111899137,0.0900000110269,,0.0,0.0,,,11.3469753265,1.30970239639,0.0,,0.0,0.0,0.0773749619109,0.997002063824,0.00999999977648
24936633104,,120,,24,935238041,'',,,32,,0,0,'',10000.0,0.01,10000.0,0.580992,1000000.0,477607378.0,,,125,,24,757676774,'',,11.7048056494,1.3668128608,0.159387947126,1.80845183422,-0.0669115483761,0.0334111899137,0.0900000110269,,0.0,0.0,,,11.7048053741,1.3668128252,0.0,,0.0,0.0,0.0796096420603,0.996826115675,0.00999999977648
25103198442,,121,,25,102417114,'',,,32,,0,0,'',10000.0,0.01,10000.0,0.580992,1000000.0,477607378.0,,,126,,24,935410490,'',,11.882635897,1.39580616511,0.161617153375,1.80178543766,-0.066664531827,0.0334111899137,0.0900000110269,,0.0,0.0,,,11.8826360703,1.39580619335,0.0,,0.0,0.0,0.0807206616028,0.996736763037,0.00999999977648
25300142823,,122,,25,298803335,'',,,32,,0,0,'',10000.0,0.01,10000.0,0.580992,1000000.0,477607378.0,,,127,,25,101983976,'',,12.0597464736,1.42508609034,0.1638381497,1.79514362653,-0.0664184242487,0.0334111899137,0.0900000110269,,0.0,0.0,,,12.0597467422,1.42508614063,0.0,,0.0,0.0,0.0818274819344,0.996646508648,0.00999999977648
25550099569,,123,,25,550099569,'',,,32,,0,0,'',10000.0,0.01,10000.0,0.580992,1000000.0,477607378.0,,,129,,25,549000539,'',,12.4100485217,1.48418501585,0.168233409163,1.76399612837,-0.245301678777,0.0334111899137,0.0900000110269,,-10.0,0.0,,,12.4100484848,1.48418498039,0.0,,0.0,0.0,0.0840175435431,0.996464275515,0.00999999977648
25768929190,,124,,25,768028466,'',,,33,,0,0,'',10000.0,0.01,10000.0,0.585357,1000000.0,481641047.0,,,129,,25,549000539,'',,12.4100485217,1.48418501585,0.168233409163,1.76399612837,-0.245301678777,0.0334111899137,0.0900000110269,,-10.0,0.0,,,12.4100484848,1.48418498039,0.0,,0.0,0.0,0.0840175435431,0.996464275515,0.00999999977648
25943729912,,125,,25,768030402,'',,,33,,0,0,'',10000.0,0.01,10000.0,0.585357,1000000.0,481641047.0,,,129,,25,549000539,'',,12.4100485217,1.48418501585,0.168233409163,1.76399612837,-0.245301678777,0.0334111899137,0.0900000110269,,-10.0,0.0,,,12.4100484848,1.48418498039,0.0,,0.0,0.0,0.0840175435431,0.996464275515,0.00999999977648
26118721690,,126,,26,117404953,'',,,33,,0,0,'',10000.0,0.01,10000.0,0.585357,1000000.0,481641047.0,,,131,,25,942039044,'',,12.7504597005,1.54312340438,0.172507719695,1.71520715618,-0.243493944407,0.0334111899137,0.0900000110269,,-10.0,0.0,,,12.750459671,1.54312336445,0.0,,0.0,0.0,0.0861469480018,0.996282441555,0.00999999977648
26322446384,,127,,26,320962268,'',,,33,,0,0,'',10000.0,0.01,10000.0,0.585357,1000000.0,481641047.0,,,132,,26,117416711,'',,12.916983539,1.572497497,0.174599794507,1.69094758743,-0.242595121264,0.0334111899137,0.0900000110269,,-10.0,0.0,,,12.9169836044,1.57249748707,0.0,,0.0,0.0,0.0871890511332,0.996191783425,0.00999999977648
26505873077,,128,,26,504487618,'',,,34,,0,0,'',10000.0,0.01,10000.0,0.593405,1000000.0,473086130.0,,,133,,26,320992795,'',,13.0810671601,1.60179018339,0.176661969169,1.66677756423,-0.241699680686,0.0334111899137,0.0900000110269,,-10.0,0.0,,,13.0810670853,1.60179018974,0.0,,0.0,0.0,0.0882161638548,0.996101354499,0.00999999977648
26681526077,,129,,26,680212027,'',,,34,,0,0,'',10000.0,0.01,10000.0,0.593405,1000000.0,473086130.0,,,134,,26,504546484,'',,13.2427210422,1.63098828303,0.178694347704,1.64269685709,-0.240807533264,0.0334111899137,0.0900000110269,,-10.0,0.0,,,13.2427206039,1.63098824024,0.0,,0.0,0.0,0.0892283484978,0.996011195632,0.00999999977648
26873259466,,130,,26,871898389,'',,,34,,0,0,'',10000.0,0.01,10000.0,0.593405,1000000.0,473086130.0,,,135,,26,680249585,'',,13.401955636,1.66007884852,0.18069704872,1.61870498025,-0.239918768406,0.0334111899137,0.0900000110269,,-10.0,0.0,,,13.4019556046,1.66007888317,0.0,,0.0,0.0,0.0902256599865,0.995921347437,0.00999999977648
27078071410,,131,,27,76727549,'',,,34,,0,0,'',10000.0,0.01,10000.0,0.593405,1000000.0,473086130.0,,,137,,27,77022914,'',,13.7132116911,1.71788748355,0.184613833992,1.57098655516,-0.238151088357,0.0334111899137,0.0900000110269,,-10.0,0.0,,,13.7132120132,1.71788752079,0.0,,0.0,0.0,0.0921758906761,0.99574274046,0.00999999977648
27278508397,,132,,27,277236555,'',,,35,,0,0,'',10000.0,0.01,10000.0,0.589804,1000000.0,480545130.0,,,137,,27,77022914,'',,13.7132116911,1.71788748355,0.184613833992,1.57098655516,-0.238151088357,0.0334111899137,0.0900000110269,,-10.0,0.0,,,13.7132120132,1.71788752079,0.0,,0.0,0.0,0.0921758906761,0.99574274046,0.00999999977648
27473532771,,133,,27,472526079,'',,,35,,0,0,'',10000.0,0.01,10000.0,0.589804,1000000.0,480545130.0,,,138,,27,277274271,'',,13.8652540693,1.74658119454,0.186528140874,1.54725928718,-0.23727221787,0.0334111899137,0.0900000110269,,-10.0,0.0,,,13.8652544022,1.74658119678,0.0,,0.0,0.0,0.0931289271931,0.995654057853,0.00999999977648
27723844568,,134,,27,722501211,'',,,35,,0,0,'',10000.0,0.01,10000.0,0.589804,1000000.0,480545130.0,,,139,,27,472684481,'',,14.0149199728,1.77511865676,0.188413200911,1.52361966932,-0.236396610737,0.0334111899137,0.0900000110269,,-10.0,0.0,,,14.0149202347,1.77511870861,0.0,,0.0,0.0,0.0940673177628,0.995565838972,0.00999999977648
27965299336,,135,,27,964231118,'',,,36,,0,0,'',10000.0,0.01,10000.0,0.575184,1000000.0,494233530.0,,,140,,27,722632237,'',,14.162219844,1.80348845483,0.19026911782,1.50006722326,-0.235524281859,0.0334111899137,0.0900000110269,,-10.0,0.0,,,14.1622200012,1.80348849297,0.0,,0.0,0.0,0.0949911173402,0.995478120114,0.00999999977648
28176029510,,136,,27,964231118,'',,,36,,0,0,'',10000.0,0.01,10000.0,0.575184,1000000.0,494233530.0,,,140,,27,722632237,'',,14.162219844,1.80348845483,0.19026911782,1.50006722326,-0.235524281859,0.0334111899137,0.0900000110269,,-10.0,0.0,,,14.1622200012,1.80348849297,0.0,,0.0,0.0,0.0949911173402,0.995478120114,0.00999999977648
28323696618,,137,,28,175505014,'',,,36,,0,0,'',10000.0,0.01,10000.0,0.575184,1000000.0,494233530.0,,,141,,27,964114383,'',,14.3071641478,1.8316792942,0.192095995619,1.47660171504,-0.234655186534,0.0334111899137,0.0900000110269,,-10.0,0.0,,,14.3071641922,1.83167934418,0.0,,0.0,0.0,0.0959003882945,0.995390936027,0.00999999977648
28505054526,,138,,28,504187020,'',,,36,,0,0,'',10000.0,0.01,10000.0,0.575184,1000000.0,494233530.0,,,143,,28,322560142,'',,14.5900278539,1.88748045055,0.195663094049,1.42993007864,-0.232926726341,0.0334111899137,0.0900000110269,,-10.0,0.0,,,14.5900278091,1.88748049736,0.0,,0.0,0.0,0.0976755641119,0.995218309807,0.00999999977648
28676345058,,139,,28,675126267,'',,,37,,0,0,'',10000.0,0.01,10000.0,0.611021,1000000.0,451322600.0,,,144,,28,504031724,'',,14.7279681654,1.91506971093,0.197403522561,1.4067233559,-0.232067346573,0.0334111899137,0.0900000110269,,-10.0,0.0,,,14.7279682159,1.91506969929,0.0,,0.0,0.0,0.0985415788432,0.995132934456,0.00999999977648
28852368977,,140,,28,851106213,'',,,37,,0,0,'',10000.0,0.01,10000.0,0.611021,1000000.0,451322600.0,,,145,,28,675103923,'',,14.8635947162,1.94243766107,0.199115342484,1.38360226716,-0.231211125851,0.0334111899137,0.0900000110269,,-10.0,0.0,,,14.8635950089,1.94243764877,0.0,,0.0,0.0,0.099393284683,0.995048227454,0.00999999977648
29069199879,,141,,29,68112455,'',,,37,,0,0,'',10000.0,0.01,10000.0,0.611021,1000000.0,451322600.0,,,146,,28,851221042,'',,14.9969179506,1.96957441977,0.200798657673,1.36056644733,-0.23035813868,0.0334111899137,0.0900000110269,,-10.0,0.0,,,14.9969177246,1.96957445145,0.0,,0.0,0.0,0.100230743947,0.994964219441,0.00999999977648
29423576898,,142,,29,290150405,'',,,37,,0,0,'',10000.0,0.01,10000.0,0.611021,1000000.0,451322600.0,,,148,,29,289912767,'',,15.2566943603,2.0231159063,0.204080219441,1.31474944468,-0.228661641479,0.0334111899137,0.0900000110269,,-10.0,0.0,,,15.2566947937,2.02311587334,0.0,,0.0,0.0,0.101863127439,0.994798423435,0.00999999977648
29587498953,,143,,29,422342898,'',,,38,,0,0,'',10000.0,0.01,10000.0,0.584563,1000000.0,481831344.0,,,148,,29,289912767,'',,15.2566943603,2.0231159063,0.204080219441,1.31474944468,-0.228661641479,0.0334111899137,0.0900000110269,,-10.0,0.0,,,15.2566947937,2.02311587334,0.0,,0.0,0.0,0.101863127439,0.994798423435,0.00999999977648
29758817321,,144,,29,586149689,'',,,38,,0,0,'',10000.0,0.01,10000.0,0.584563,1000000.0,481831344.0,,,149,,29,422477537,'',,15.3831684305,2.04950193297,0.205678673897,1.29196766432,-0.227818146348,0.0334111899137,0.0900000110269,,-10.0,0.0,,,15.3831682205,2.0495018959,0.0,,0.0,0.0,0.102658161378,0.994716694292,0.00999999977648
29966067974,,145,,29,966067974,'',,,38,,0,0,'',10000.0,0.01,10000.0,0.584563,1000000.0,481831344.0,,,152,,29,964847089,'',,15.7490527265,2.12701447111,0.210305948458,1.22412517782,-0.225306436419,0.0334111899137,0.0900000110269,,-10.0,0.0,,,15.7490530014,2.12701439857,0.0,,0.0,0.0,0.104959297161,0.994476518546,0.00999999977648
30201548923,,146,,29,966067974,'',,,38,,0,0,'',10000.0,0.01,10000.0,0.584563,1000000.0,481831344.0,,,152,,29,964847089,'',,15.7490527265,2.12701447111,0.210305948458,1.22412517782,-0.225306436419,0.0334111899137,0.0900000110269,,-10.0,0.0,,,15.7490530014,2.12701439857,0.0,,0.0,0.0,0.104959297161,0.994476518546,0.00999999977648
30342080381,,147,,30,200267314,'',,,39,,0,0,'',10000.0,0.01,10000.0,0.578101,1000000.0,488139432.0,,,152,,29,964847089,'',,15.7490527265,2.12701447111,0.210305948458,1.22412517782,-0.225306436419,0.0334111899137,0.0900000110269,,-10.0,0.0,,,15.7490530014,2.12701439857,0.0,,0.0,0.0,0.104959297161,0.994476518546,0.00999999977648
30515027271,,148,,30,513592522,'',,,39,,0,0,'',10000.0,0.01,10000.0,0.578101,1000000.0,488139432.0,,,155,,30,513940892,'',,16.0948432328,2.2018833186,0.214683272339,1.15703055229,-0.222822725773,0.0334111899137,0.0900000110269,,-10.0,0.0,,,16.0948429108,2.20188331604,0.0,,0.0,0.0,0.107135622621,0.994244415808,0.00999999977648
30715724646,,149,,30,714367620,'',,,39,,0,0,'',10000.0,0.01,10000.0,0.578101,1000000.0,488139432.0,,,155,,30,513940892,'',,16.0948432328,2.2018833186,0.214683272339,1.15703055229,-0.222822725773,0.0334111899137,0.0900000110269,,-10.0,0.0,,,16.0948429108,2.20188331604,0.0,,0.0,0.0,0.107135622621,0.994244415808,0.00999999977648
30893818888,,150,,30,892587029,'',,,40,,0,0,'',10000.0,0.01,10000.0,0.602352,1000000.0,462436299.0,,,157,,30,892825855,'',,16.314337107,2.25022233972,0.217463982749,1.11271224436,-0.221182301641,0.0334111899137,0.0900000110269,,-10.0,0.0,,,16.3143367767,2.25022244453,0.0,,0.0,0.0,0.108517869177,0.994094498561,0.00999999977648
31068175638,,151,,31,68175638,'',,,40,,0,0,'',10000.0,0.01,10000.0,0.602352,1000000.0,462436299.0,,,158,,31,67221365,'',,16.4208037002,2.27389789956,0.218813392121,1.09067559805,-0.22036665678,0.0334111899137,0.0900000110269,,-10.0,0.0,,,16.4208030701,2.27389788628,0.0,,0.0,0.0,0.109188562199,0.994021055051,0.00999999977648
31262681977,,152,,31,261638877,'',,,40,,0,0,'',10000.0,0.01,10000.0,0.602352,1000000.0,462436299.0,,,159,,31,261440130,'',,16.5250960376,2.29723467272,0.220135632872,1.06872018543,-0.219554066658,0.0334111899137,0.0900000110269,,-10.0,0.0,,,16.5250968933,2.29723477364,0.0,,0.0,0.0,0.109845705309,0.993948651101,0.00999999977648
31447525751,,153,,31,447525751,'',,,40,,0,0,'',10000.0,0.01,10000.0,0.602352,1000000.0,462436299.0,,,160,,31,446380307,'',,16.6272255148,2.32022619982,0.221430809019,1.04684577105,-0.218744501472,0.0334111899137,0.0900000110269,,-10.0,0.0,,,16.6272258759,2.32022619247,0.0,,0.0,0.0,0.110489353004,0.993877307756,0.00999999977648
31645545796,,154,,31,645002720,'',,,41,,0,0,'',10000.0,0.01,10000.0,0.588537,1000000.0,481707170.0,,,160,,31,446380307,'',,16.6272255148,2.32022619982,0.221430809019,1.04684577105,-0.218744501472,0.0334111899137,0.0900000110269,,-10.0,0.0,,,16.6272258759,2.32022619247,0.0,,0.0,0.0,0.110489353004,0.993877307756,0.00999999977648
31823641659,,155,,31,823641659,'',,,41,,0,0,'',10000.0,0.01,10000.0,0.588537,1000000.0,481707170.0,,,162,,31,822318555,'',,16.8250280677,2.36514717818,0.223940382973,1.00333851394,-0.2171343714,0.0334111899137,0.0900000110269,,-10.0,0.0,,,16.8250274658,2.3651471138,0.0,,0.0,0.0,0.111736372536,0.993737884481,0.00999999977648
32012990203,,156,,32,11844115,'',,,41,,0,0,'',10000.0,0.01,10000.0,0.588537,1000000.0,481707170.0,,,162,,31,822318555,'',,16.8250280677,2.36514717818,0.223940382973,1.00333851394,-0.2171343714,0.0334111899137,0.0900000110269,,-10.0,0.0,,,16.8250274658,2.3651471138,0.0,,0.0,0.0,0.111736372536,0.993737884481,0.00999999977648
32212690958,,157,,32,211521799,'',,,41,,0,0,'',10000.0,0.01,10000.0,0.588537,1000000.0,481707170.0,,,164,,32,211613907,'',,17.0142872013,2.40861171635,0.226342900799,0.960151447035,-0.215536221862,0.0334111899137,0.0900000110269,,-10.0,0.0,,,17.0142879486,2.40861177444,0.0,,0.0,0.0,0.112930026329,0.99360294341,0.00999999977648
32413283974,,158,,32,412322369,'',,,42,,0,0,'',10000.0,0.01,10000.0,0.604649,1000000.0,455538321.0,,,164,,32,211613907,'',,17.0142872013,2.40861171635,0.226342900799,0.960151447035,-0.215536221862,0.0334111899137,0.0900000110269,,-10.0,0.0,,,17.0142879486,2.40861177444,0.0,,0.0,0.0,0.112930026329,0.99360294341,0.00999999977648
32632049651,,159,,32,632049651,'',,,42,,0,0,'',10000.0,0.01,10000.0,0.604649,1000000.0,455538321.0,,,165,,32,412476435,'',,17.1057369253,2.42978333945,0.227504253065,0.938677273371,-0.21474160254,0.0334111899137,0.0900000110269,,-10.0,0.0,,,17.1057376862,2.42978334427,0.0,,0.0,0.0,0.11350696854,0.993537200155,0.00999999977648
32815711135,,160,,32,814767408,'',,,42,,0,0,'',10000.0,0.01,10000.0,0.604649,1000000.0,455538321.0,,,166,,32,630976353,'',,17.1950787539,2.45057375641,0.228639134495,0.917282256165,-0.213949948549,0.0334111899137,0.0900000110269,,-10.0,0.0,,,17.1950778961,2.45057368279,0.0,,0.0,0.0,0.11407072663,0.993472631393,0.00999999977648
33001917020,,161,,33,1917020,'',,,42,,0,0,'',10000.0,0.01,10000.0,0.604649,1000000.0,455538321.0,,,168,,33,757913,'',,17.3674728317,2.49099030405,0.230829885857,0.874728624206,-0.212375476956,0.0334111899137,0.0900000110269,,-10.0,0.0,,,17.3674736023,2.49099040031,0.0,,0.0,0.0,0.115158877557,0.993347085826,0.00999999977648
33190862668,,162,,33,189843860,'',,,43,,0,0,'',10000.0,0.01,10000.0,0.580487,1000000.0,487124092.0,,,168,,33,757913,'',,17.3674728317,2.49099030405,0.230829885857,0.874728624206,-0.212375476956,0.0334111899137,0.0900000110269,,-10.0,0.0,,,17.3674736023,2.49099040031,0.0,,0.0,0.0,0.115158877557,0.993347085826,0.00999999977648
33410342079,,163,,33,409028335,'',,,43,,0,0,'',10000.0,0.01,10000.0,0.580487,1000000.0,487124092.0,,,169,,33,189949531,'',,17.4505459365,2.51060656717,0.231885933797,0.853569358272,-0.211592614651,0.0334111899137,0.0900000110269,,-10.0,0.0,,,17.4505462646,2.51060652733,0.0,,0.0,0.0,0.115683378637,0.993286139995,0.00999999977648
33620572973,,164,,33,615878444,'',,,43,,0,0,'',10000.0,0.01,10000.0,0.580487,1000000.0,487124092.0,,,170,,33,409090138,'',,17.5315471455,2.52982165701,0.232915911761,0.832488059683,-0.210812687874,0.0334111899137,0.0900000110269,,-10.0,0.0,,,17.5315475464,2.52982163429,0.0,,0.0,0.0,0.116194889874,0.99322643318,0.00999999977648
33776137280,,165,,33,775073923,'',,,43,,0,0,'',10000.0,0.01,10000.0,0.580487,1000000.0,487124092.0,,,171,,33,615382105,'',,17.6104859408,2.54863123097,0.233919893966,0.811484494492,-0.210035651922,0.0334111899137,0.0900000110269,,-10.0,0.0,,,17.6104850769,2.54863119125,0.0,,0.0,0.0,0.116693465266,0.993167979329,0.00999999977648
34120660917,,166,,34,119517827,'',,,44,,0,0,'',10000.0,0.01,10000.0,0.593907,1000000.0,459251741.0,,,173,,33,937910015,'',,17.7622103701,2.58501669043,0.235850286781,0.769709314095,-0.208490237594,0.0334111899137,0.0900000110269,,-10.0,0.0,,,17.7622108459,2.58501672745,0.0,,0.0,0.0,0.117652016857,0.993054884148,0.00999999977648
34280106207,,167,,34,278878011,'',,,44,,0,0,'',10000.0,0.01,10000.0,0.593907,1000000.0,459251741.0,,,174,,34,119558128,'',,17.8350149531,2.60258459539,0.236776890369,0.748937102843,-0.207721859217,0.0334111899137,0.0900000110269,,-10.0,0.0,,,17.8350143433,2.60258460045,0.0,,0.0,0.0,0.118112085998,0.993000269457,0.00999999977648
34468604646,,168,,34,467473032,'',,,44,,0,0,'',10000.0,0.01,10000.0,0.593907,1000000.0,459251741.0,,,176,,34,467272495,'',,17.9745486166,2.63645162524,0.238553372237,0.707622140339,-0.206193625927,0.0334111899137,0.0900000110269,,-10.0,0.0,,,17.9745483398,2.63645172119,0.0,,0.0,0.0,0.118994065142,0.992894965473,0.00999999977648
34643623341,,169,,34,639035092,'',,,45,,0,0,'',10000.0,0.01,10000.0,0.602908,1000000.0,467530038.0,,,176,,34,467272495,'',,17.9745486166,2.63645162524,0.238553372237,0.707622140339,-0.206193625927,0.0334111899137,0.0900000110269,,-10.0,0.0,,,17.9745483398,2.63645172119,0.0,,0.0,0.0,0.118994065142,0.992894965473,0.00999999977648
34788200844,,170,,34,788200844,'',,,45,,0,0,'',10000.0,0.01,10000.0,0.602908,1000000.0,467530038.0,,,178,,34,787060592,'',,18.1060428503,2.66860434927,0.240228186895,0.666611037843,-0.204676762223,0.0334111899137,0.0900000110269,,-10.0,0.0,,,18.1060428619,2.66860437393,0.0,,0.0,0.0,0.119825481516,0.992794970767,0.00999999977648
35111001883,,171,,35,111001883,'',,,45,,0,0,'',10000.0,0.01,10000.0,0.602908,1000000.0,467530038.0,,,180,,35,109897568,'',,18.2295658356,2.69901696242,0.241802091665,0.625901663001,-0.203171133995,0.0334111899137,0.0900000110269,,-10.0,0.0,,,18.2295665741,2.69901704788,0.0,,0.0,0.0,0.120606726989,0.992700366377,0.00999999977648
35310500093,,172,,35,310500093,'',,,46,,0,0,'',10000.0,0.01,10000.0,0.616095,1000000.0,445534518.0,,,181,,35,309621118,'',,18.2883596477,2.71356378447,0.242551431037,0.605659387704,-0.202422514558,0.0334111899137,0.0900000110269,,-10.0,0.0,,,18.2883605957,2.71356368065,0.0,,0.0,0.0,0.120978650928,0.9926551093,0.00999999977648
35529226977,,173,,35,528109778,'',,,46,,0,0,'',10000.0,0.01,10000.0,0.616095,1000000.0,445534518.0,,,181,,35,309621118,'',,18.2883596477,2.71356378447,0.242551431037,0.605659387704,-0.202422514558,0.0334111899137,0.0900000110269,,-10.0,0.0,,,18.2883605957,2.71356368065,0.0,,0.0,0.0,0.120978650928,0.9926551093,0.00999999977648
35702690107,,174,,35,702690107,'',,,46,,0,0,'',10000.0,0.01,10000.0,0.616095,1000000.0,445534518.0,,,183,,35,701692592,'',,18.4000516623,2.74132497713,0.243975344071,0.565398353039,-0.200933635235,0.0334111899137,0.0900000110269,,-10.0,0.0,,,18.4000511169,2.74132490158,0.0,,0.0,0.0,0.121685346105,0.992568726358,0.00999999977648
35865974762,,175,,35,864534718,'',,,46,,0,0,'',10000.0,0.01,10000.0,0.616095,1000000.0,445534518.0,,,183,,35,701692592,'',,18.4000516623,2.74132497713,0.243975344071,0.565398353039,-0.200933635235,0.0334111899137,0.0900000110269,,-10.0,0.0,,,18.4000511169,2.74132490158,0.0,,0.0,0.0,0.121685346105,0.992568726358,0.00999999977648
36045544218,,176,,36,45544218,'',,,47,,0,0,'',10000.0,0.01,10000.0,0.589629,1000000.0,484796773.0,,,185,,36,44353424,'',,18.5039352112,2.76729498002,0.245300173077,0.525433402956,-0.199455797672,0.0334111899137,0.0900000110269,,-10.0,0.0,,,18.5039348602,2.76729488373,0.0,,0.0,0.0,0.122342812982,0.992487902249,0.00999999977648
36249472181,,177,,36,249397571,'',,,47,,0,0,'',10000.0,0.01,10000.0,0.589629,1000000.0,484796773.0,,,185,,36,44353424,'',,18.5039352112,2.76729498002,0.245300173077,0.525433402956,-0.199455797672,0.0334111899137,0.0900000110269,,-10.0,0.0,,,18.5039348602,2.76729488373,0.0,,0.0,0.0,0.122342812982,0.992487902249,0.00999999977648
36487385840,,178,,36,487385840,'',,,47,,0,0,'',10000.0,0.01,10000.0,0.589629,1000000.0,484796773.0,,,187,,36,486413169,'',,18.6000765603,2.79145740993,0.246526660468,0.48576239914,-0.197988927364,0.0334111899137,0.0900000110269,,-10.0,0.0,,,18.6000766754,2.79145741463,0.0,,0.0,0.0,0.122951425591,0.992412689835,0.00999999977648
36754546081,,179,,36,753075307,'',,,47,,0,0,'',10000.0,0.01,10000.0,0.589629,1000000.0,484796773.0,,,187,,36,486413169,'',,18.6000765603,2.79145740993,0.246526660468,0.48576239914,-0.197988927364,0.0334111899137,0.0900000110269,,-10.0,0.0,,,18.6000766754,2.79145741463,0.0,,0.0,0.0,0.122951425591,0.992412689835,0.00999999977648
36959587474,,180,,36,958316854,'',,,48,,0,0,'',10000.0,0.01,10000.0,0.592091,1000000.0,472014273.0,,,188,,36,753084528,'',,18.6452647343,2.80285648999,0.247103248711,0.466036428217,-0.19725959003,0.0334111899137,0.0900000110269,,-10.0,0.0,,,18.6452655792,2.80285644531,0.0,,0.0,0.0,0.123237525876,0.992377202588,0.00999999977648
37148524109,,181,,37,147631578,'',,,48,,0,0,'',10000.0,0.01,10000.0,0.592091,1000000.0,472014273.0,,,189,,36,958421352,'',,18.6885419698,2.81379871063,0.247655518779,0.446383142178,-0.196532964706,0.0334111899137,0.0900000110269,,-10.0,0.0,,,18.6885414124,2.813798666,0.0,,0.0,0.0,0.123511557077,0.992343133834,0.00999999977648
37365428149,,182,,37,364305702,'',,,48,,0,0,'',10000.0,0.01,10000.0,0.592091,1000000.0,472014273.0,,,190,,37,147522107,'',,18.7299139245,2.82428278992,0.248183574614,0.426802244491,-0.195809036493,0.0334111899137,0.0900000110269,,-10.0,0.0,,,18.7299137115,2.8242828846,0.0,,0.0,0.0,0.12377355738,0.992310488957,0.00999999977648
37564894023,,183,,37,364307965,'',,,48,,0,0,'',10000.0,0.01,10000.0,0.592091,1000000.0,472014273.0,,,190,,37,147522107,'',,18.7299139245,2.82428278992,0.248183574614,0.426802244491,-0.195809036493,0.0334111899137,0.0900000110269,,-10.0,0.0,,,18.7299137115,2.8242828846,0.0,,0.0,0.0,0.12377355738,0.992310488957,0.00999999977648
37757759059,,184,,37,564236270,'',,,49,,0,0,'',10000.0,0.01,10000.0,0.578476,1000000.0,479565705.0,,,191,,37,364347848,'',,18.7693900739,2.83430768196,0.24868749039,0.407293468423,-0.195087790489,0.0334111899137,0.0900000110269,,-10.0,0.0,,,18.7693901062,2.83430767059,0.0,,0.0,0.0,0.124023572312,0.992279271935,0.00999999977648
37946392346,,185,,37,946392346,'',,,49,,0,0,'',10000.0,0.01,10000.0,0.578476,1000000.0,479565705.0,,,194,,37,945050981,'',,18.8765193721,2.86161627765,0.250055288133,0.349197193693,-0.192940086126,0.0334111899137,0.0900000110269,,-10.0,0.0,,,18.8765201569,2.86161637306,0.0,,0.0,0.0,0.124702159322,0.992194220634,0.00999999977648
38151269642,,186,,38,150042112,'',,,49,,0,0,'',10000.0,0.01,10000.0,0.578476,1000000.0,479565705.0,,,194,,37,945050981,'',,18.8765193721,2.86161627765,0.250055288133,0.349197193693,-0.192940086126,0.0334111899137,0.0900000110269,,-10.0,0.0,,,18.8765201569,2.86161637306,0.0,,0.0,0.0,0.124702159322,0.992194220634,0.00999999977648
38358149062,,187,,38,356894496,'',,,50,,0,0,'',10000.0,0.01,10000.0,0.586312,1000000.0,483255207.0,,,195,,38,150043310,'',,18.9084879826,2.86979488529,0.250463534437,0.329974227857,-0.192229509354,0.0334111899137,0.0900000110269,,-10.0,0.0,,,18.9084873199,2.86979484558,0.0,,0.0,0.0,0.124904694328,0.992168744385,0.00999999977648
38566276862,,188,,38,565424651,'',,,50,,0,0,'',10000.0,0.01,10000.0,0.586312,1000000.0,483255207.0,,,196,,38,356866236,'',,18.9385967249,2.87751024553,0.250848101003,0.31082207681,-0.191521570086,0.0334111899137,0.0900000110269,,-10.0,0.0,,,18.9385967255,2.87751030922,0.0,,0.0,0.0,0.125095470772,0.992144708796,0.00999999977648
38756736381,,189,,38,565424651,'',,,50,,0,0,'',10000.0,0.01,10000.0,0.586312,1000000.0,483255207.0,,,196,,38,356866236,'',,18.9385967249,2.87751024553,0.250848101003,0.31082207681,-0.191521570086,0.0334111899137,0.0900000110269,,-10.0,0.0,,,18.9385967255,2.87751030922,0.0,,0.0,0.0,0.125095470772,0.992144708796,0.00999999977648
38962053787,,190,,38,961080047,'',,,51,,0,0,'',10000.0,0.01,10000.0,0.585986,1000000.0,476554700.0,,,199,,38,961202870,'',,19.0178489608,2.89787508803,0.251860463912,0.253787751214,-0.18941347301,0.0334111899137,0.0900000110269,,-10.0,0.0,,,19.0178489685,2.89787507057,0.0,,0.0,0.0,0.125597656098,0.992081261179,0.00999999977648
39200094016,,191,,38,961080891,'',,,51,,0,0,'',10000.0,0.01,10000.0,0.585986,1000000.0,476554700.0,,,199,,38,961202870,'',,19.0178489608,2.89787508803,0.251860463912,0.253787751214,-0.18941347301,0.0334111899137,0.0900000110269,,-10.0,0.0,,,19.0178489685,2.89787507057,0.0,,0.0,0.0,0.125597656098,0.992081261179,0.00999999977648
39434722936,,192,,39,199055671,'',,,51,,0,0,'',10000.0,0.01,10000.0,0.585986,1000000.0,476554700.0,,,199,,38,961202870,'',,19.0178489608,2.89787508803,0.251860463912,0.253787751214,-0.18941347301,0.0334111899137,0.0900000110269,,-10.0,0.0,,,19.0178489685,2.89787507057,0.0,,0.0,0.0,0.125597656098,0.992081261179,0.00999999977648
39643666408,,193,,39,433800564,'',,,51,,0,0,'',10000.0,0.01,10000.0,0.585986,1000000.0,476554700.0,,,200,,39,199158625,'',,19.0405977326,2.90373593813,0.252151112846,0.234916159229,-0.188715964556,0.0334111899137,0.0900000110269,,-10.0,0.0,,,19.0405979156,2.90373587608,0.0,,0.0,0.0,0.125741820175,0.99206299934,0.00999999977648
39857197530,,194,,39,642566354,'',,,51,,0,0,'',10000.0,0.01,10000.0,0.585986,1000000.0,476554700.0,,,202,,39,642305856,'',,19.0806367824,2.91406738981,0.252662692456,0.197381180246,-0.187328785658,0.0334111899137,0.0900000110269,,-10.0,0.0,,,19.0806369781,2.91406750679,0.0,,0.0,0.0,0.125995579159,0.992030802965,0.00999999977648
40049574816,,195,,39,856476858,'',,,52,,0,0,'',10000.0,0.01,10000.0,0.593858,1000000.0,475650273.0,,,202,,39,642305856,'',,19.0806367824,2.91406738981,0.252662692456,0.197381180246,-0.187328785658,0.0334111899137,0.0900000110269,,-10.0,0.0,,,19.0806369781,2.91406750679,0.0,,0.0,0.0,0.125995579159,0.992030802965,0.00999999977648
40279408988,,196,,40,48356134,'',,,52,,0,0,'',10000.0,0.01,10000.0,0.593858,1000000.0,475650273.0,,,203,,39,856169305,'',,19.0979402949,2.91853896099,0.252883801313,0.178717280646,-0.186639025807,0.0334111899137,0.0900000110269,,-10.0,0.0,,,19.0979404449,2.91853904724,0.0,,0.0,0.0,0.126105249096,0.992016867876,0.00999999977648
40529293183,,197,,40,279408988,'',,,52,,0,0,'',10000.0,0.01,10000.0,0.593858,1000000.0,475650273.0,,,205,,40,278332134,'',,19.1271512439,2.92609608603,0.253257072769,0.141595375262,-0.185267210007,0.0334111899137,0.0900000110269,,-10.0,0.0,,,19.1271514893,2.92609620094,0.0,,0.0,0.0,0.126290393994,0.991993314688,0.00999999977648
40741227234,,198,,40,529238886,'',,,53,,0,0,'',10000.0,0.01,10000.0,0.582134,1000000.0,493187842.0,,,205,,40,278332134,'',,19.1271512439,2.92609608603,0.253257072769,0.141595375262,-0.185267210007,0.0334111899137,0.0900000110269,,-10.0,0.0,,,19.1271514893,2.92609620094,0.0,,0.0,0.0,0.126290393994,0.991993314688,0.00999999977648
40937294915,,199,,40,740126023,'',,,53,,0,0,'',10000.0,0.01,10000.0,0.582134,1000000.0,493187842.0,,,206,,40,527930935,'',,19.1390719175,2.92918331537,0.253409413561,0.123136867308,-0.184585109353,0.0334111899137,0.0900000110269,,-10.0,0.0,,,19.1390724182,2.92918324471,0.0,,0.0,0.0,0.126365958457,0.991983691672,0.00999999977648
41153651678,,200,,40,936174323,'',,,53,,0,0,'',10000.0,0.01,10000.0,0.582134,1000000.0,493187842.0,,,207,,40,740210167,'',,19.1492121841,2.93181061115,0.253539009851,0.104746314609,-0.183905556798,0.0334111899137,0.0900000110269,,-10.0,0.0,,,19.1492118835,2.93181061745,0.0,,0.0,0.0,0.126430229062,0.991975502308,0.00999999977648
41350507874,,201,,41,153651678,'',,,53,,0,0,'',10000.0,0.01,10000.0,0.582134,1000000.0,493187842.0,,,209,,41,152549006,'',,19.1641760653,2.93569040375,0.253730265682,0.0681680557392,-0.182554006577,0.0334111899137,0.0900000110269,,-10.0,0.0,,,19.1641769409,2.93569040298,0.0,,0.0,0.0,0.126525096708,0.991963406534,0.00999999977648
41521646726,,202,,41,350507874,'',,,54,,0,0,'',10000.0,0.01,10000.0,0.60171,1000000.0,464542622.0,,,210,,41,349552611,'',,19.169014828,2.93694527929,0.253792103433,0.0499798608096,-0.181881979108,0.0334111899137,0.0900000110269,,-10.0,0.0,,,19.1690139771,2.93694519997,0.0,,0.0,0.0,0.126555768066,0.991959493916,0.00999999977648
41709791907,,203,,41,520671728,'',,,54,,0,0,'',10000.0,0.01,10000.0,0.60171,1000000.0,464542622.0,,,210,,41,349552611,'',,19.169014828,2.93694527929,0.253792103433,0.0499798608096,-0.181881979108,0.0334111899137,0.0900000110269,,-10.0,0.0,,,19.1690139771,2.93694519997,0.0,,0.0,0.0,0.126555768066,0.991959493916,0.00999999977648
41937946564,,204,,41,709791907,'',,,54,,0,0,'',10000.0,0.01,10000.0,0.60171,1000000.0,464542622.0,,,212,,41,708708731,'',,19.1734343294,2.93809199592,0.253848614271,0.0138040733627,-0.180545419455,0.0334111899137,0.0900000110269,,-10.0,0.0,,,19.1734352112,2.93809199333,0.0,,0.0,0.0,0.126583793452,0.99195591799,0.00999999977648
42121614649,,205,,41,937946564,'',,,54,,0,0,'',10000.0,0.01,10000.0,0.60171,1000000.0,464542622.0,,,213,,41,936966908,'',,19.173030218,2.9379869219,0.253843435761,-0.00418401107919,-0.179880842566,0.0334111899137,0.0900000110269,,-10.0,0.0,,,19.1730308533,2.93798685074,0.0,,0.0,0.0,0.126581221506,0.991956246193,0.00999999977648
42316618329,,206,,42,121614649,'',,,55,,0,0,'',10000.0,0.01,10000.0,0.598362,1000000.0,468925480.0,,,214,,42,120368216,'',,19.1708881075,2.93743099946,0.253816038722,-0.0221366887793,-0.179526776075,0.0334111899137,0.0900000110269,,-10.0,0.0,,,19.1708889008,2.93743109703,0.0,,0.0,0.0,0.12656763748,0.991957979525,0.00999999977648
42504947411,,207,,42,315438907,'',,,55,,0,0,'',10000.0,0.01,10000.0,0.598362,1000000.0,468925480.0,,,214,,42,120368216,'',,19.1708881075,2.93743099946,0.253816038722,-0.0221366887793,-0.179526776075,0.0334111899137,0.0900000110269,,-10.0,0.0,,,19.1708889008,2.93743109703,0.0,,0.0,0.0,0.12656763748,0.991957979525,0.00999999977648
42706112296,,208,,42,503967426,'',,,55,,0,0,'',10000.0,0.01,10000.0,0.598362,1000000.0,468925480.0,,,215,,42,315551575,'',,19.167001959,2.93642298867,0.2537663572,-0.0401554453078,-0.180187568069,0.0334111899137,0.0900000110269,,-10.0,0.0,,,19.1670017242,2.93642306328,0.0,,0.0,0.0,0.126542996971,0.991961123189,0.00999999977648
42893947767,,209,,42,706112296,'',,,55,,0,0,'',10000.0,0.01,10000.0,0.598362,1000000.0,468925480.0,,,217,,42,704865464,'',,19.1539687198,2.93304471384,0.253599781854,-0.076392179998,-0.181516543031,0.0334111899137,0.0900000110269,,-10.0,0.0,,,19.153968811,2.93304467201,0.0,,0.0,0.0,0.12646038344,0.991971658577,0.00999999977648
43046479843,,210,,42,892622004,'',,,56,,0,0,'',10000.0,0.01,10000.0,0.597438,1000000.0,461641087.0,,,217,,42,704865464,'',,19.1539687198,2.93304471384,0.253599781854,-0.076392179998,-0.181516543031,0.0334111899137,0.0900000110269,,-10.0,0.0,,,19.153968811,2.93304467201,0.0,,0.0,0.0,0.12646038344,0.991971658577,0.00999999977648
43240607951,,211,,43,45611026,'',,,56,,0,0,'',10000.0,0.01,10000.0,0.597438,1000000.0,461641087.0,,,218,,42,892859371,'',,19.1448100746,2.93067205509,0.253482738405,-0.0946106555792,-0.182184740901,0.0334111899137,0.0900000110269,,-10.0,0.0,,,19.1448097229,2.93067216873,0.0,,0.0,0.0,0.126402321376,0.991979058827,0.00999999977648
43440002948,,212,,43,239292323,'',,,56,,0,0,'',10000.0,0.01,10000.0,0.597438,1000000.0,461641087.0,,,219,,43,45617092,'',,19.1338804689,2.92784251935,0.253343051626,-0.112896193836,-0.182855397463,0.0334111899137,0.0900000110269,,-10.0,0.0,,,19.1338806152,2.92784261703,0.0,,0.0,0.0,0.126333039521,0.991987884566,0.00999999977648
43653312006,,213,,43,439136802,'',,,57,,0,0,'',10000.0,0.01,10000.0,0.581038,1000000.0,500255130.0,,,220,,43,239298206,'',,19.1211741239,2.92455503189,0.253180661595,-0.13124905107,-0.183528542519,0.0334111899137,0.0900000110269,,-10.0,0.0,,,19.1211738586,2.92455506325,0.0,,0.0,0.0,0.126252493233,0.991998139087,0.00999999977648
43865441394,,214,,43,652249101,'',,,57,,0,0,'',10000.0,0.01,10000.0,0.581038,1000000.0,500255130.0,,,221,,43,438967421,'',,19.1066833538,2.92080875832,0.252995478597,-0.149669477618,-0.184204220772,0.0334111899137,0.0900000110269,,-10.0,0.0,,,19.1066837311,2.92080879211,0.0,,0.0,0.0,0.126160652597,0.992009823407,0.00999999977648
44069509498,,215,,43,864115652,'',,,57,,0,0,'',10000.0,0.01,10000.0,0.581038,1000000.0,500255130.0,,,222,,43,652377647,'',,19.0904023802,2.91660310385,0.252787442721,-0.168157720841,-0.184882372618,0.0334111899137,0.0900000110269,,-10.0,0.0,,,19.0904026031,2.91660308838,0.0,,0.0,0.0,0.126057458086,0.992022941902,0.00999999977648
44259249734,,216,,44,68412811,'',,,57,,0,0,'',10000.0,0.01,10000.0,0.581038,1000000.0,500255130.0,,,223,,43,864150211,'',,19.0723235166,2.91193747602,0.252556434445,-0.186714032569,-0.185563057661,0.0334111899137,0.0900000110269,,-10.0,0.0,,,19.0723228455,2.9119374752,0.0,,0.0,0.0,0.125942879687,0.992037494783,0.00999999977648
44439877176,,217,,44,258238218,'',,,58,,0,0,'',10000.0,0.01,10000.0,0.601747,1000000.0,460873031.0,,,225,,44,258266675,'',,19.0307432788,2.90122488868,0.252025231222,-0.224031873326,-0.186932012439,0.0334111899137,0.0900000110269,,-10.0,0.0,,,19.0307426453,2.90122485161,0.0,,0.0,0.0,0.125679376995,0.99207091188,0.00999999977648
44648063125,,218,,44,438705380,'',,,58,,0,0,'',10000.0,0.01,10000.0,0.601747,1000000.0,460873031.0,,,225,,44,258266675,'',,19.0307432788,2.90122488868,0.252025231222,-0.224031873326,-0.186932012439,0.0334111899137,0.0900000110269,,-10.0,0.0,,,19.0307426453,2.90122485161,0.0,,0.0,0.0,0.125679376995,0.99207091188,0.00999999977648
44899068704,,219,,44,646994177,'',,,58,,0,0,'',10000.0,0.01,10000.0,0.601747,1000000.0,460873031.0,,,226,,44,438810885,'',,19.007228437,2.89517746713,0.25172482703,-0.242793910485,-0.187620297074,0.0334111899137,0.0900000110269,,-10.0,0.0,,,19.0072288513,2.89517736435,0.0,,0.0,0.0,0.125530377635,0.992089776326,0.00999999977648
